9714,1,0,16691,0,0,19595,0,2,8240,1,1,255,1,6,88,1,3
9713,1,0,16701,0,0,19214,0,2,8242,1,1,255,1,6,88,1,3
9713,1,0,16712,0,0,18848,0,2,8244,1,1,255,1,6,88,1,3
9712,1,0,16723,0,0,18495,0,2,8245,1,1,255,1,6,88,1,3
9712,1,0,16733,0,0,18155,0,2,8247,1,1,255,1,6,88,1,3
9711,1,0,16744,0,0,17827,0,2,8249,1,1,255,1,6,88,1,3
9711,1,0,16755,0,0,17511,0,2,8251,1,1,255,1,6,88,1,3
9710,1,0,16765,0,0,17206,0,2,8253,1,1,255,1,6,88,1,3
9710,1,0,16776,0,0,16912,0,2,8254,1,1,255,1,6,88,1,3
9709,1,0,16787,0,0,16627,0,2,8256,1,1,255,1,6,88,1,3
9709,1,0,16797,0,0,16352,0,2,8258,1,1,255,1,6,88,1,3
9708,1,0,16808,0,0,16086,0,2,8260,1,1,255,1,6,88,1,3
9708,1,0,16819,0,0,15829,0,2,8262,1,1,255,1,6,88,1,3
9707,1,0,16830,0,0,15579,0,2,8264,1,1,255,1,6,88,1,3
9707,1,0,16840,0,0,15338,0,2,8266,1,1,255,1,6,88,1,3
9706,1,0,16851,0,0,15103,0,2,8268,1,1,255,1,6,88,1,3
9706,1,0,16862,0,0,14876,0,2,8270,1,1,255,1,6,88,1,3
9705,1,0,16873,0,0,14655,0,2,8272,1,1,255,1,6,88,1,3
9705,1,0,16884,0,0,14441,0,2,8274,1,1,255,1,6,88,1,3
9704,1,0,16895,0,0,14234,0,2,8277,1,1,255,1,6,88,1,3
9703,1,0,16906,0,0,14032,0,2,8279,1,1,255,1,6,89,1,3
9703,1,0,16917,0,0,13836,0,2,8281,1,1,255,1,6,89,1,3
9702,1,0,16928,0,0,13645,0,2,8283,1,1,255,1,6,89,1,3
9702,1,0,16938,0,0,13459,0,2,8286,1,1,255,1,6,89,1,3
9701,1,0,16949,0,0,13279,0,2,8288,1,1,255,1,6,89,1,3
9701,1,0,16960,0,0,13103,0,2,8290,1,1,255,1,6,89,1,3
9700,1,0,16972,0,0,12932,0,2,8293,1,1,255,1,6,89,1,3
9700,1,0,16983,0,0,12765,0,2,8295,1,1,255,1,6,89,1,3
9699,1,0,16994,0,0,12602,0,2,8297,1,1,255,1,6,89,1,3
9699,1,0,17005,0,0,12444,0,2,8300,1,1,255,1,6,89,1,3
9698,1,0,17016,0,0,12289,0,2,8302,1,1,255,1,6,89,1,3
9697,1,0,17027,0,0,12139,0,2,8305,1,1,255,1,6,89,1,3
9697,1,0,17038,0,0,11992,0,2,8307,1,1,255,1,6,89,1,3
9696,1,0,17049,0,0,11848,0,2,8310,1,1,255,1,6,89,1,3
9696,1,0,17060,0,0,11708,0,2,8312,1,1,255,1,6,89,1,3
9695,1,0,17071,0,0,11571,0,2,8315,1,1,255,1,6,89,1,3
9695,1,0,17083,0,0,11438,0,2,8318,1,1,255,1,6,89,1,3
9694,1,0,17094,0,0,11308,0,2,8322,1,1,255,1,6,89,1,3
9693,1,0,17106,0,0,11181,0,2,8324,1,1,255,1,6,89,1,3
9693,1,0,17117,0,0,11056,0,2,8327,1,1,255,1,6,89,1,3
9692,1,0,17128,0,0,10934,0,2,8330,1,1,255,1,6,89,1,3
9692,1,0,17140,0,0,10815,0,2,8333,1,1,255,1,6,89,1,3
9691,1,0,17151,0,0,10698,0,2,8336,1,1,252,0,6,89,1,3
9691,1,0,17162,0,0,10584,0,2,8338,1,1,250,0,6,89,1,3
9690,1,0,17174,0,0,10472,0,2,8341,1,1,247,0,6,89,1,3
9690,1,0,17185,0,0,10363,0,2,8344,1,1,245,0,6,89,1,3
9689,1,0,17197,0,0,10256,0,2,8347,1,1,243,0,6,89,1,3
9688,1,0,17208,0,0,10151,0,2,8350,1,1,240,0,6,89,1,3
9688,1,0,17219,0,0,10048,0,2,8353,1,1,238,0,6,89,1,3
9687,1,0,17231,0,0,9947,0,2,8356,1,1,236,0,6,89,1,3
9687,1,0,17242,0,0,9849,0,2,8359,1,1,233,0,6,89,1,3
9686,1,0,17254,0,0,9752,0,2,8362,1,1,231,0,6,89,1,3
9686,1,0,17265,0,0,9657,0,2,8365,1,1,229,0,6,90,1,3
9685,1,0,17277,0,0,9564,0,2,8368,1,1,227,0,6,90,1,3
9684,1,0,17289,0,0,9473,0,2,8371,1,1,225,0,6,90,1,3
9684,1,0,17300,0,0,9383,0,2,8374,1,1,223,0,6,90,1,3
9683,1,0,17312,0,0,9296,0,2,8378,1,1,221,0,6,90,1,3
9683,1,0,17323,0,0,9209,0,2,8381,1,1,219,0,6,90,1,3
9682,1,0,17335,0,0,9125,0,2,8384,1,1,217,0,6,90,1,3
9682,1,0,17347,0,0,9042,0,2,8387,1,1,215,0,6,90,1,3
9681,1,0,17358,0,0,8960,0,2,8391,1,1,213,0,6,90,1,3
9680,1,0,17370,0,0,8880,0,2,8394,1,1,211,0,6,90,1,3
9680,1,0,17382,0,0,8801,0,2,8397,1,1,210,0,6,90,1,3
9679,1,0,17394,0,0,8724,0,2,8401,1,1,208,0,6,90,1,3
9679,1,0,17405,0,0,8648,0,2,8404,1,1,206,0,6,90,1,3
9678,1,0,17417,0,0,8574,0,2,8407,1,1,204,0,6,90,1,3
9678,1,0,17429,0,0,8500,0,2,8411,1,1,203,0,6,90,1,3
9677,1,0,17441,0,0,8428,0,2,8414,1,1,201,0,6,90,1,3
9676,1,0,17453,0,0,8357,0,2,8418,1,1,200,0,6,90,1,3
9676,1,0,17464,0,0,8288,0,2,8421,1,1,198,0,6,90,1,3
9675,1,0,17476,0,0,8219,0,2,8425,1,1,196,0,6,90,1,3
9675,1,0,17488,0,0,65219,0,1,8428,1,1,195,0,6,90,1,3
9674,1,0,17500,0,0,64689,0,1,8432,1,1,193,0,6,90,1,3
9673,1,0,17512,0,0,64168,0,1,8435,1,1,192,0,6,90,1,3
9673,1,0,17524,0,0,63657,0,1,8439,1,1,190,0,6,90,1,3
9671,1,0,17540,0,0,63201,0,1,8452,1,1,189,0,6,91,1,3
9671,1,0,17552,0,0,62706,0,1,8456,1,1,188,0,6,91,1,3
9670,1,0,17564,0,0,62218,0,1,8460,1,1,186,0,6,91,1,3
9670,1,0,17576,0,0,61738,0,1,8463,1,1,185,0,6,91,1,3
9669,1,0,17588,0,0,61265,0,1,8467,1,1,184,0,6,91,1,3
9668,1,0,17600,0,0,60799,0,1,8471,1,1,182,0,6,91,1,3
9668,1,0,17613,0,0,60341,0,1,8475,1,1,181,0,6,91,1,3
9667,1,0,17625,0,0,59889,0,1,8479,1,1,180,0,6,91,1,3
9667,1,0,17637,0,0,59445,0,1,8483,1,1,178,0,6,91,1,3
9666,1,0,17649,0,0,59007,0,1,8487,1,1,177,0,6,91,1,3
9665,1,0,17662,0,0,58575,0,1,8491,1,1,176,0,6,91,1,3
9665,1,0,17674,0,0,58150,0,1,8496,1,1,175,0,6,91,1,3
9664,1,0,17686,0,0,57731,0,1,8500,1,1,174,0,6,91,1,3
9664,1,0,17699,0,0,57318,0,1,8504,1,1,172,0,6,91,1,3
9663,1,0,17711,0,0,56911,0,1,8508,1,1,171,0,6,91,1,3
9662,1,0,17723,0,0,56509,0,1,8512,1,1,170,0,6,91,1,3
9662,1,0,17736,0,0,56114,0,1,8516,1,1,169,0,6,91,1,3
9661,1,0,17748,0,0,55724,0,1,8521,1,1,168,0,6,91,1,3
9661,1,0,17761,0,0,55339,0,1,8525,1,1,167,0,6,91,1,3
9660,1,0,17773,0,0,54960,0,1,8529,1,1,166,0,6,91,1,3
9659,1,0,17786,0,0,54586,0,1,8534,1,1,165,0,6,92,1,3
9659,1,0,17798,0,0,54217,0,1,8538,1,1,164,0,6,92,1,3
9658,1,0,17811,0,0,53853,0,1,8542,1,1,163,0,6,92,1,3
9657,1,0,17823,0,0,53494,0,1,8547,1,1,161,0,6,92,1,3
9657,1,0,17836,0,0,53140,0,1,8551,1,1,160,0,6,92,1,3
9656,1,0,17848,0,0,52791,0,1,8556,1,1,159,0,6,92,1,3
9656,1,0,17861,0,0,52446,0,1,8560,1,1,158,0,6,92,1,3
9655,1,0,17874,0,0,52105,0,1,8564,1,1,158,0,6,92,1,3
9654,1,0,17886,0,0,51770,0,1,8569,1,1,157,0,6,92,1,3
9654,1,0,17899,0,0,51438,0,1,8574,1,1,156,0,6,92,1,3
9653,1,0,17912,0,0,51111,0,1,8578,1,1,155,0,6,92,1,3
9652,1,0,17924,0,0,50788,0,1,8583,1,1,154,0,6,92,1,3
9652,1,0,17937,0,0,50469,0,1,8587,1,1,153,0,6,92,1,3
9651,1,0,17950,0,0,50154,0,1,8592,1,1,152,0,6,92,1,3
9651,1,0,17963,0,0,49843,0,1,8597,1,1,151,0,6,92,1,3
9650,1,0,17975,0,0,49536,0,1,8601,1,1,150,0,6,92,1,3
9649,1,0,17988,0,0,49233,0,1,8606,1,1,149,0,6,92,1,3
9649,1,0,18001,0,0,48933,0,1,8611,1,1,148,0,6,92,1,3
9648,1,0,18014,0,0,48638,0,1,8615,1,1,148,0,6,93,1,3
9647,1,0,18027,0,0,48345,0,1,8620,1,1,147,0,6,93,1,3
9647,1,0,18040,0,0,48057,0,1,8625,1,1,146,0,6,93,1,3
9646,1,0,18053,0,0,47772,0,1,8630,1,1,145,0,6,93,1,3
9646,1,0,18066,0,0,47490,0,1,8635,1,1,144,0,6,93,1,3
9645,1,0,18079,0,0,47211,0,1,8640,1,1,143,0,6,93,1,3
9644,1,0,18092,0,0,46936,0,1,8644,1,1,143,0,6,93,1,3
9644,1,0,18105,0,0,46664,0,1,8649,1,1,142,0,6,93,1,3
9643,1,0,18118,0,0,46396,0,1,8654,1,1,141,0,6,93,1,3
9642,1,0,18131,0,0,46130,0,1,8659,1,1,140,0,6,93,1,3
9642,1,0,18144,0,0,45867,0,1,8664,1,1,140,0,6,93,1,3
9641,1,0,18157,0,0,45608,0,1,8669,1,1,139,0,6,93,1,3
9640,1,0,18170,0,0,45351,0,1,8674,1,1,138,0,6,93,1,3
9640,1,0,18184,0,0,45098,0,1,8679,1,1,137,0,6,93,1,3
9639,1,0,18197,0,0,44847,0,1,8685,1,1,137,0,6,93,1,3
9639,1,0,18210,0,0,44599,0,1,8690,1,1,136,0,6,93,1,3
9638,1,0,18223,0,0,44354,0,1,8695,1,1,135,0,6,93,1,3
9605,1,0,18493,0,0,39135,0,1,8700,1,1,135,0,6,94,1,3
9555,1,0,18312,0,0,32026,0,1,8705,1,1,134,0,6,94,1,3
9505,1,0,18135,0,0,27103,0,1,8710,1,1,133,0,6,94,1,3
9455,1,0,17962,0,0,23492,0,1,8716,1,1,133,0,6,94,1,3
9406,1,0,17791,0,0,20729,0,1,8721,1,1,132,0,6,94,1,3
9358,1,0,17624,0,0,18549,0,1,8726,1,1,131,0,6,94,1,3
9310,1,0,17460,0,0,16783,0,1,8731,1,1,131,0,6,94,1,3
9262,1,0,17299,0,0,15324,0,1,8737,1,1,130,0,6,94,1,3
9215,1,0,17141,0,0,14099,0,1,8742,1,1,129,0,6,94,1,3
9168,1,0,16986,0,0,13055,0,1,8747,1,1,129,0,6,94,1,3
9122,1,0,16834,0,0,12155,0,1,8753,1,1,128,0,6,94,1,3
9077,1,0,16684,0,0,11371,0,1,8758,1,1,127,0,6,94,1,3
9031,1,0,16537,0,0,10682,0,1,8764,1,1,127,0,6,94,1,3
8987,1,0,16393,0,0,10072,0,1,8769,1,1,126,0,6,94,1,3
8942,1,0,16251,0,0,9527,0,1,8775,1,1,126,0,6,94,1,3
8899,1,0,16111,0,0,9039,0,1,8780,1,1,125,0,6,95,1,3
8855,1,0,15974,0,0,8598,0,1,8786,1,1,124,0,6,95,1,3
8812,1,0,15839,0,0,8198,0,1,8791,1,1,124,0,6,95,1,3
8769,1,0,15707,0,0,62674,0,0,8797,1,1,123,0,6,95,1,3
8727,1,0,15576,0,0,60008,0,0,8803,1,1,123,0,6,95,1,3
8685,1,0,15448,0,0,57559,0,0,8808,1,1,122,0,6,95,1,3
8644,1,0,15322,0,0,55303,0,0,8814,1,1,122,0,6,95,1,3
8603,1,0,15198,0,0,53216,0,0,8819,1,1,121,0,6,95,1,3
8562,1,0,15076,0,0,51282,0,0,8825,1,1,121,0,6,95,1,3
8522,1,0,14956,0,0,49483,0,0,8831,1,1,120,0,6,95,1,3
8482,1,0,14838,0,0,47806,0,0,8837,1,1,119,0,6,95,1,3
8443,1,0,14721,0,0,46238,0,0,8842,1,1,119,0,6,95,1,3
8404,1,0,14607,0,0,44771,0,0,8848,1,1,118,0,6,95,1,3
8365,1,0,14494,0,0,43394,0,0,8854,1,1,118,0,6,95,1,3
8326,1,0,14383,0,0,42099,0,0,8860,1,1,117,0,6,96,1,3
8288,1,0,14273,0,0,40879,0,0,8866,1,1,117,0,6,96,1,3
8251,1,0,14166,0,0,39727,0,0,8872,1,1,116,0,6,96,1,3
8213,1,0,14060,0,0,38639,0,0,8878,1,1,116,0,6,96,1,3
8176,1,0,13955,0,0,37609,0,0,8884,1,1,115,0,6,96,1,3
8139,1,0,13852,0,0,36632,0,0,8889,1,1,115,0,6,96,1,3
8103,1,0,13751,0,0,35705,0,0,8895,1,1,114,0,6,96,1,3
8067,1,0,13651,0,0,34824,0,0,8901,1,1,114,0,6,96,1,3
8031,1,0,13552,0,0,33985,0,0,8908,1,1,113,0,6,96,1,3
7996,1,0,13455,0,0,33185,0,0,8914,1,1,113,0,6,96,1,3
7961,1,0,13359,0,0,32422,0,0,8920,1,1,113,0,6,96,1,3
7926,1,0,13265,0,0,31694,0,0,8926,1,1,112,0,6,96,1,3
7891,1,0,13172,0,0,30997,0,0,8932,1,1,112,0,6,96,1,3
7857,1,0,13080,0,0,30331,0,0,8938,1,1,111,0,6,96,1,3
7823,1,0,12990,0,0,29692,0,0,8944,1,1,111,0,6,97,1,3
7790,1,0,12901,0,0,29080,0,0,8950,1,1,110,0,6,97,1,3
7752,1,0,12799,0,0,28610,0,0,8985,1,1,115,0,6,97,1,3
7718,1,0,12710,0,0,28056,0,0,8995,1,1,115,0,6,97,1,3
7686,1,0,12625,0,0,27509,0,0,9001,1,1,114,0,6,97,1,3
7653,1,0,12541,0,0,26984,0,0,9008,1,1,114,0,6,97,1,3
7621,1,0,12457,0,0,26479,0,0,9014,1,1,113,0,6,97,1,3
7589,1,0,12375,0,0,25992,0,0,9020,1,1,113,0,6,97,1,3
7557,1,0,12294,0,0,25523,0,0,9027,1,1,113,0,6,97,1,3
7526,1,0,12214,0,0,25070,0,0,9033,1,1,112,0,6,97,1,3
7495,1,0,12135,0,0,24633,0,0,9040,1,1,112,0,6,97,1,3
7464,1,0,12057,0,0,24211,0,0,9046,1,1,111,0,6,97,1,3
7433,1,0,11980,0,0,23803,0,0,9053,1,1,111,0,6,98,1,3
7403,1,0,11904,0,0,23409,0,0,9059,1,1,110,0,6,98,1,3
7373,1,0,11829,0,0,23028,0,0,9066,1,1,110,0,6,98,1,3
7343,1,0,11755,0,0,22659,0,0,9072,1,1,110,0,6,98,1,3
7313,1,0,11682,0,0,22301,0,0,9079,1,1,109,0,6,98,1,3
7284,1,0,11609,0,0,21955,0,0,9086,1,1,109,0,6,98,1,3
7254,1,0,11538,0,0,21619,0,0,9092,1,1,109,0,6,98,1,3
7225,1,0,11467,0,0,21293,0,0,9099,1,1,108,0,6,98,1,3
7197,1,0,11398,0,0,20977,0,0,9106,1,1,108,0,6,98,1,3
7168,1,0,11329,0,0,20671,0,0,9112,1,1,107,0,6,98,1,3
7140,1,0,11261,0,0,20373,0,0,9119,1,1,107,0,6,98,1,3
7112,1,0,11194,0,0,20083,0,0,9126,1,1,107,0,6,98,1,3
7084,1,0,11127,0,0,19802,0,0,9132,1,1,106,0,6,98,1,3
7056,1,0,11062,0,0,19528,0,0,9139,1,1,106,0,6,99,1,3
7029,1,0,10997,0,0,19262,0,0,9146,1,1,106,0,6,99,1,3
7002,1,0,10933,0,0,19003,0,0,9153,1,1,105,0,6,99,1,3
6975,1,0,10869,0,0,18751,0,0,9160,1,1,105,0,6,99,1,3
6948,1,0,10807,0,0,18506,0,0,9167,1,1,105,0,6,99,1,3
6922,1,0,10745,0,0,18267,0,0,9173,1,1,104,0,6,99,1,3
6895,1,0,10684,0,0,18034,0,0,9180,1,1,104,0,6,99,1,3
6869,1,0,10623,0,0,17806,0,0,9187,1,1,103,0,6,99,1,3
6843,1,0,10564,0,0,17585,0,0,9194,1,1,103,0,6,99,1,3
6817,1,0,10504,0,0,17369,0,0,9201,1,1,103,0,6,99,1,3
6792,1,0,10446,0,0,17158,0,0,9208,1,1,102,0,6,99,1,3
6766,1,0,10388,0,0,16952,0,0,9215,1,1,102,0,6,99,1,3
6741,1,0,10331,0,0,16752,0,0,9222,1,1,102,0,6,100,1,3
6716,1,0,10274,0,0,16555,0,0,9229,1,1,101,0,6,100,1,3
6691,1,0,10219,0,0,16364,0,0,9236,1,1,101,0,6,100,1,3
6667,1,0,10163,0,0,16176,0,0,9243,1,1,101,0,6,100,1,3
6642,1,0,10108,0,0,15993,0,0,9251,1,1,100,0,6,100,1,3
6618,1,0,10054,0,0,15815,0,0,9258,1,1,100,0,6,100,1,3
6594,1,0,10001,0,0,15640,0,0,9265,1,1,100,0,6,100,1,3
6570,1,0,9948,0,0,15469,0,0,9272,1,1,100,0,6,100,1,3
6546,1,0,9895,0,0,15301,0,0,9279,1,1,99,0,6,100,1,3
6522,1,0,9843,0,0,15137,0,0,9286,1,1,99,0,6,100,1,3
6499,1,0,9792,0,0,14977,0,0,9294,1,1,99,0,6,100,1,3
6476,1,0,9741,0,0,14820,0,0,9301,1,1,98,0,6,101,1,3
6453,1,0,9691,0,0,14666,0,0,9308,1,1,98,0,6,101,1,3
6430,1,0,9641,0,0,14516,0,0,9315,1,1,98,0,6,101,1,3
6407,1,0,9592,0,0,14368,0,0,9323,1,1,97,0,6,101,1,3
6384,1,0,9543,0,0,14224,0,0,9330,1,1,97,0,6,101,1,3
6362,1,0,9495,0,0,14082,0,0,9337,1,1,97,0,6,101,1,3
6339,1,0,9447,0,0,13943,0,0,9345,1,1,97,0,6,101,1,3
6317,1,0,9400,0,0,13807,0,0,9352,1,1,96,0,6,101,1,3
6295,1,0,9353,0,0,13673,0,0,9360,1,1,96,0,6,101,1,3
6274,1,0,9471,0,0,13604,0,0,9367,1,1,96,0,6,101,1,3
6273,1,0,9476,0,0,13601,0,0,9374,1,1,95,0,6,101,1,3
6273,1,0,9482,0,0,13599,0,0,9382,1,1,95,0,6,102,1,3
6272,1,0,9487,0,0,13596,0,0,9389,1,1,95,0,6,102,1,3
6271,1,0,9493,0,0,13594,0,0,9397,1,1,95,0,6,102,1,3
6271,1,0,9498,0,0,13591,0,0,9404,1,1,94,0,6,102,1,3
6270,1,0,9504,0,0,13589,0,0,9412,1,1,94,0,6,102,1,3
6270,1,0,9509,0,0,13586,0,0,9420,1,1,94,0,6,102,1,3
6269,1,0,9515,0,0,13584,0,0,9427,1,1,93,0,6,102,1,3
6268,1,0,9520,0,0,13581,0,0,9435,1,1,93,0,6,102,1,3
6268,1,0,9526,0,0,13579,0,0,9442,1,1,93,0,6,102,1,3
6267,1,0,9532,0,0,13576,0,0,9450,1,1,93,0,6,102,1,3
6266,1,0,9537,0,0,13574,0,0,9458,1,1,92,0,6,102,1,3
6266,1,0,9543,0,0,13571,0,0,9465,1,1,92,0,6,103,1,3
6265,1,0,9548,0,0,13569,0,0,9473,1,1,92,0,6,103,1,3
6265,1,0,9554,0,0,13566,0,0,9481,1,1,92,0,6,103,1,3
6264,1,0,9560,0,0,13564,0,0,9489,1,1,91,0,6,103,1,3
6263,1,0,9565,0,0,13561,0,0,9496,1,1,91,0,6,103,1,3
6263,1,0,9571,0,0,13559,0,0,9504,1,1,91,0,6,103,1,3
6262,1,0,9576,0,0,13556,0,0,9512,1,1,91,0,6,103,1,3
6261,1,0,9582,0,0,13554,0,0,9520,1,1,90,0,6,103,1,3
6261,1,0,9588,0,0,13551,0,0,9528,1,1,90,0,6,103,1,3
6260,1,0,9593,0,0,13549,0,0,9535,1,1,90,0,6,103,1,3
6260,1,0,9599,0,0,13546,0,0,9543,1,1,90,0,6,103,1,3
6259,1,0,9605,0,0,13544,0,0,9551,1,1,89,0,6,104,1,3
6258,1,0,9610,0,0,13541,0,0,9559,1,1,89,0,6,104,1,3
6258,1,0,9616,0,0,13539,0,0,9567,1,1,89,0,6,104,1,3
6257,1,0,9622,0,0,13536,0,0,9575,1,1,89,0,6,104,1,3
6256,1,0,9628,0,0,13534,0,0,9583,1,1,88,0,6,104,1,3
6256,1,0,9633,0,0,13531,0,0,9591,1,1,88,0,6,104,1,3
6255,1,0,9639,0,0,13529,0,0,9599,1,1,88,0,6,104,1,3
6255,1,0,9645,0,0,13527,0,0,9607,1,1,88,0,6,104,1,3
6254,1,0,9650,0,0,13524,0,0,9615,1,1,88,0,6,104,1,3
6253,1,0,9656,0,0,13522,0,0,9623,1,1,87,0,6,104,1,3
6253,1,0,9662,0,0,13519,0,0,9631,1,1,87,0,6,105,1,3
6252,1,0,9668,0,0,13517,0,0,9639,1,1,87,0,6,105,1,3
6251,1,0,9673,0,0,13514,0,0,9647,1,1,87,0,6,105,1,3
6251,1,0,9679,0,0,13512,0,0,9656,1,1,86,0,6,105,1,3
6250,1,0,9685,0,0,13509,0,0,9664,1,1,86,0,6,105,1,3
6250,1,0,9691,0,0,13507,0,0,9672,1,1,86,0,6,105,1,3
6249,1,0,9697,0,0,13504,0,0,9680,1,1,86,0,6,105,1,3
6248,1,0,9703,0,0,13502,0,0,9688,1,1,86,0,6,105,1,3
6248,1,0,9708,0,0,13500,0,0,9697,1,1,85,0,6,105,1,3
6247,1,0,9714,0,0,13497,0,0,9705,1,1,85,0,6,105,1,3
6246,1,0,9720,0,0,13495,0,0,9713,1,1,85,0,6,106,1,3
6246,1,0,9726,0,0,13492,0,0,9721,1,1,85,0,6,106,1,3
6245,1,0,9732,0,0,13490,0,0,9730,1,1,85,0,6,106,1,3
6245,1,0,9738,0,0,13487,0,0,9738,1,1,84,0,6,106,1,3
6244,1,0,9743,0,0,13485,0,0,9746,1,1,84,0,6,106,1,3
6243,1,0,9749,0,0,13482,0,0,9755,1,1,84,0,6,106,1,3
6243,1,0,9755,0,0,13480,0,0,9763,1,1,84,0,6,106,1,3
6242,1,0,9761,0,0,13478,0,0,9772,1,1,83,0,6,106,1,3
6241,1,0,9767,0,0,13475,0,0,9780,1,1,83,0,6,106,1,3
6241,1,0,9773,0,0,13473,0,0,9788,1,1,83,0,6,107,1,3
6240,1,0,9779,0,0,13470,0,0,9797,1,1,83,0,6,107,1,3
6240,1,0,9785,0,0,13468,0,0,9805,1,1,83,0,6,107,1,3
6239,1,0,9791,0,0,13466,0,0,9814,1,1,82,0,6,107,1,3
6238,1,0,9797,0,0,13463,0,0,9822,1,1,82,0,6,107,1,3
6238,1,0,9803,0,0,13461,0,0,9831,1,1,82,0,6,107,1,3
6237,1,0,9809,0,0,13458,0,0,9840,1,1,82,0,6,107,1,3
6236,1,0,9815,0,0,13456,0,0,9848,1,1,82,0,6,107,1,3
6236,1,0,9821,0,0,13453,0,0,9857,1,1,82,0,6,107,1,3
6235,1,0,9827,0,0,13451,0,0,9865,1,1,81,0,6,107,1,3
6235,1,0,9833,0,0,13449,0,0,9874,1,1,81,0,6,108,1,3
6234,1,0,9839,0,0,13446,0,0,9883,1,1,81,0,6,108,1,3
6233,1,0,9845,0,0,13444,0,0,9891,1,1,81,0,6,108,1,3
6233,1,0,9851,0,0,13441,0,0,9900,1,1,81,0,6,108,1,3
6232,1,0,9857,0,0,13439,0,0,9909,1,1,80,0,6,108,1,3
6231,1,0,9863,0,0,13437,0,0,9917,1,1,80,0,6,108,1,3
6231,1,0,9869,0,0,13434,0,0,9926,1,1,80,0,6,108,1,3
6230,1,0,9875,0,0,13432,0,0,9935,1,1,80,0,6,108,1,3
6229,1,0,9881,0,0,13430,0,0,9944,1,1,80,0,6,108,1,3
6229,1,0,9887,0,0,13427,0,0,9952,1,1,80,0,6,109,1,3
6228,1,0,9893,0,0,13425,0,0,9961,1,1,79,0,6,109,1,3
6228,1,0,9899,0,0,13422,0,0,9970,1,1,79,0,6,109,1,3
6227,1,0,9906,0,0,13420,0,0,9979,1,1,79,0,6,109,1,3
6226,1,0,9912,0,0,13418,0,0,9988,1,1,79,0,6,109,1,3
6226,1,0,9918,0,0,13415,0,0,9997,1,1,79,0,6,109,1,3
6225,1,0,9924,0,0,13413,0,0,10005,1,1,78,0,6,109,1,3
6224,1,0,9930,0,0,13411,0,0,10014,1,1,78,0,6,109,1,3
6233,1,0,10097,0,0,13403,0,0,10023,1,1,78,0,6,109,1,3
6269,1,0,10109,0,0,13392,0,0,10032,1,1,78,0,6,110,1,3
6306,1,0,10120,0,0,13382,0,0,10041,1,1,78,0,6,110,1,3
6344,1,0,10132,0,0,13371,0,0,10050,1,1,78,0,6,110,1,3
6382,1,0,10143,0,0,13361,0,0,10059,1,1,77,0,6,110,1,3
6420,1,0,10155,0,0,13350,0,0,10068,1,1,77,0,6,110,1,3
6459,1,0,10167,0,0,13340,0,0,10077,1,1,77,0,6,110,1,3
6498,1,0,10178,0,0,13329,0,0,10086,1,1,77,0,6,110,1,3
6538,1,0,10190,0,0,13319,0,0,10095,1,1,77,0,6,110,1,3
6578,1,0,10202,0,0,13308,0,0,10104,1,1,77,0,6,111,1,3
6619,1,0,10214,0,0,13298,0,0,10113,1,1,76,0,6,111,1,3
6660,1,0,10226,0,0,13288,0,0,10123,1,1,76,0,6,111,1,3
6702,1,0,10237,0,0,13277,0,0,10132,1,1,76,0,6,111,1,3
6744,1,0,10249,0,0,13267,0,0,10141,1,1,76,0,6,111,1,3
6787,1,0,10261,0,0,13257,0,0,10150,1,1,76,0,6,111,1,3
6830,1,0,10273,0,0,13246,0,0,10159,1,1,76,0,6,111,1,3
6874,1,0,10285,0,0,13236,0,0,10168,1,1,76,0,6,111,1,3
6919,1,0,10297,0,0,13226,0,0,10178,1,1,75,0,6,111,1,3
6964,1,0,10309,0,0,13215,0,0,10187,1,1,75,0,6,112,1,3
7009,1,0,10321,0,0,13205,0,0,10196,1,1,75,0,6,112,1,3
7056,1,0,10333,0,0,13195,0,0,10205,1,1,75,0,6,112,1,3
7102,1,0,10345,0,0,13185,0,0,10215,1,1,75,0,6,112,1,3
7150,1,0,10358,0,0,13175,0,0,10224,1,1,75,0,6,112,1,3
7198,1,0,10370,0,0,13164,0,0,10233,1,1,74,0,6,112,1,3
7247,1,0,10382,0,0,13154,0,0,10243,1,1,74,0,6,112,1,3
7296,1,0,10394,0,0,13144,0,0,10252,1,1,74,0,6,112,1,3
7346,1,0,10407,0,0,13134,0,0,10261,1,1,74,0,6,113,1,3
7397,1,0,10419,0,0,13124,0,0,10271,1,1,74,0,6,113,1,3
7449,1,0,10431,0,0,13114,0,0,10280,1,1,74,0,6,113,1,3
7501,1,0,10444,0,0,13104,0,0,10290,1,1,74,0,6,113,1,3
7554,1,0,10456,0,0,13094,0,0,10299,1,1,73,0,6,113,1,3
7608,1,0,10468,0,0,13083,0,0,10308,1,1,73,0,6,113,1,3
7662,1,0,10481,0,0,13073,0,0,10318,1,1,73,0,6,113,1,3
7718,1,0,10493,0,0,13063,0,0,10327,1,1,73,0,6,113,1,3
7774,1,0,10506,0,0,13053,0,0,10337,1,1,73,0,6,113,1,3
7831,1,0,10518,0,0,13043,0,0,10346,1,1,73,0,6,114,1,3
7888,1,0,10531,0,0,13033,0,0,10356,1,1,73,0,6,114,1,3
7947,1,0,10544,0,0,13024,0,0,10366,1,1,72,0,6,114,1,3
8007,1,0,10556,0,0,13014,0,0,10375,1,1,72,0,6,114,1,3
8067,1,0,10569,0,0,13004,0,0,10385,1,1,72,0,6,114,1,3
8128,1,0,10582,0,0,12994,0,0,10394,1,1,72,0,6,114,1,3
8191,1,0,10594,0,0,12984,0,0,10404,1,1,72,0,6,114,1,3
8254,1,0,10607,0,0,12974,0,0,10414,1,1,72,0,6,114,1,3
8318,1,0,10620,0,0,12964,0,0,10423,1,1,72,0,6,115,1,3
8383,1,0,10633,0,0,12954,0,0,10433,1,1,72,0,6,115,1,3
8449,1,0,10646,0,0,12945,0,0,10443,1,1,71,0,6,115,1,3
8517,1,0,10658,0,0,12935,0,0,10452,1,1,71,0,6,115,1,3
8585,1,0,10671,0,0,12925,0,0,10462,1,1,71,0,6,115,1,3
8655,1,0,10684,0,0,12915,0,0,10472,1,1,71,0,6,115,1,3
8725,1,0,10697,0,0,12905,0,0,10481,1,1,71,0,6,115,1,3
8797,1,0,10710,0,0,12896,0,0,10491,1,1,71,0,6,115,1,3
8870,1,0,10723,0,0,12886,0,0,10501,1,1,71,0,6,116,1,3
8944,1,0,10737,0,0,12876,0,0,10511,1,1,70,0,6,116,1,3
9019,1,0,10750,0,0,12866,0,0,23324,1,1,70,0,6,116,1,3
9096,1,0,10763,0,0,12857,0,0,0,1,0,70,0,6,116,1,3
9174,1,0,10776,0,0,12847,0,0,0,1,0,70,0,6,116,1,3
9254,1,0,10789,0,0,12837,0,0,0,1,0,70,0,6,116,1,3
9334,1,0,10803,0,0,12828,0,0,0,1,0,70,0,6,116,1,3
9417,1,0,10816,0,0,12818,0,0,0,1,0,70,0,6,116,1,3
9500,1,0,10829,0,0,12809,0,0,0,1,0,70,0,6,117,1,3
9585,1,0,10843,0,0,12799,0,0,0,1,0,69,0,6,117,1,3
9672,1,0,10856,0,0,12789,0,0,0,1,0,69,0,6,117,1,3
9760,1,0,10869,0,0,12780,0,0,0,1,0,69,0,6,117,1,3
9850,1,0,10883,0,0,12770,0,0,0,1,0,69,0,6,117,1,3
9942,1,0,10896,0,0,12761,0,0,0,1,0,69,0,6,117,1,3
10035,1,0,10910,0,0,12751,0,0,0,1,0,69,0,6,117,1,3
10130,1,0,10923,0,0,12742,0,0,0,1,0,69,0,6,118,1,3
10227,1,0,10937,0,0,12732,0,0,0,1,0,69,0,6,118,1,3
10326,1,0,10951,0,0,12723,0,0,0,1,0,69,0,6,118,1,3
10426,1,0,10964,0,0,12713,0,0,0,1,0,68,0,6,118,1,3
10529,1,0,10978,0,0,12704,0,0,0,1,0,68,0,6,118,1,3
10634,1,0,10992,0,0,12695,0,0,0,1,0,68,0,6,118,1,3
10740,1,0,11006,0,0,12685,0,0,0,1,0,68,0,6,118,1,3
10849,1,0,11019,0,0,12676,0,0,0,1,0,68,0,6,118,1,3
10960,1,0,11033,0,0,12666,0,0,0,1,0,68,0,6,119,1,3
11074,1,0,11047,0,0,12657,0,0,0,1,0,68,0,6,119,1,3
11190,1,0,11061,0,0,12648,0,0,0,1,0,68,0,6,119,1,3
11308,1,0,11075,0,0,12638,0,0,0,1,0,67,0,6,119,1,3
11429,1,0,11089,0,0,12629,0,0,0,1,0,67,0,6,119,1,3
11552,1,0,11103,0,0,12620,0,0,0,1,0,67,0,6,119,1,3
11678,1,0,11117,0,0,12610,0,0,0,1,0,67,0,6,119,1,3
11807,1,0,11131,0,0,12601,0,0,0,1,0,67,0,6,120,1,3
11939,1,0,11146,0,0,12592,0,0,0,1,0,67,0,6,120,1,3
12074,1,0,11160,0,0,12583,0,0,0,1,0,67,0,6,120,1,3
12212,1,0,11174,0,0,12573,0,0,0,1,0,67,0,6,120,1,3
12353,1,0,11188,0,0,12564,0,0,0,1,0,67,0,6,120,1,3
12497,1,0,11203,0,0,12555,0,0,0,1,0,66,0,6,120,1,3
12645,1,0,11217,0,0,12546,0,0,0,1,0,66,0,6,120,1,3
12796,1,0,11231,0,0,12537,0,0,0,1,0,66,0,6,120,1,3
12951,1,0,11246,0,0,12528,0,0,0,1,0,66,0,6,121,1,3
13110,1,0,11260,0,0,12518,0,0,0,1,0,66,0,6,121,1,3
13272,1,0,11275,0,0,12509,0,0,0,1,0,66,0,6,121,1,3
13439,1,0,11289,0,0,12500,0,0,0,1,0,66,0,6,121,1,3
13610,1,0,11304,0,0,12491,0,0,0,1,0,66,0,6,121,1,3
13785,1,0,11318,0,0,12482,0,0,0,1,0,66,0,6,121,1,3
13965,1,0,11333,0,0,12473,0,0,0,1,0,66,0,6,121,1,3
14150,1,0,11348,0,0,12464,0,0,0,1,0,65,0,6,122,1,3
14339,1,0,11363,0,0,12455,0,0,0,1,0,65,0,6,122,1,3
14534,1,0,11377,0,0,12446,0,0,0,1,0,65,0,6,122,1,3
14734,1,0,11392,0,0,12437,0,0,0,1,0,65,0,6,122,1,3
14789,1,0,11492,0,0,12430,0,0,0,1,0,65,0,6,122,1,3
14785,1,0,11496,0,0,12428,0,0,0,1,0,65,0,6,122,1,3
14782,1,0,11499,0,0,12427,0,0,0,1,0,65,0,6,122,1,3
14778,1,0,11503,0,0,12425,0,0,0,1,0,65,0,6,123,1,3
14775,1,0,11507,0,0,12423,0,0,0,1,0,65,0,6,123,1,3
14771,1,0,11511,0,0,12421,0,0,0,1,0,64,0,6,123,1,3
14768,1,0,11515,0,0,12419,0,0,0,1,0,64,0,6,123,1,3
14764,1,0,11518,0,0,12417,0,0,0,1,0,64,0,6,123,1,3
14761,1,0,11522,0,0,12415,0,0,0,1,0,64,0,6,123,1,3
14758,1,0,11526,0,0,12413,0,0,0,1,0,64,0,6,123,1,3
14754,1,0,11530,0,0,12411,0,0,0,1,0,64,0,6,124,1,3
14751,1,0,11533,0,0,12409,0,0,0,1,0,64,0,6,124,1,3
14747,1,0,11537,0,0,12407,0,0,0,1,0,64,0,6,124,1,3
14744,1,0,11541,0,0,12405,0,0,0,1,0,64,0,6,124,1,3
14740,1,0,11545,0,0,12404,0,0,0,1,0,64,0,6,124,1,3
14737,1,0,11549,0,0,12402,0,0,0,1,0,64,0,6,124,1,3
14733,1,0,11553,0,0,12400,0,0,0,1,0,63,0,6,124,1,3
14730,1,0,11556,0,0,12398,0,0,0,1,0,63,0,6,125,1,3
14726,1,0,11560,0,0,12396,0,0,0,1,0,254,0,5,125,1,3
14723,1,0,11564,0,0,12394,0,0,0,1,0,254,0,5,125,1,3
14719,1,0,11568,0,0,12392,0,0,0,1,0,254,0,5,125,1,3
14716,1,0,11572,0,0,12390,0,0,0,1,0,253,0,5,125,1,3
14713,1,0,11576,0,0,12388,0,0,0,1,0,253,0,5,125,1,3
14709,1,0,11579,0,0,12386,0,0,0,1,0,253,0,5,125,1,3
14706,1,0,11583,0,0,12385,0,0,0,1,0,252,0,5,126,1,3
14702,1,0,11587,0,0,12383,0,0,0,1,0,252,0,5,126,1,3
14699,1,0,11591,0,0,12381,0,0,0,1,0,252,0,5,126,1,3
14695,1,0,11595,0,0,12379,0,0,0,1,0,251,0,5,126,1,3
14692,1,0,11599,0,0,12377,0,0,0,1,0,251,0,5,126,1,3
14688,1,0,11603,0,0,12375,0,0,0,1,0,250,0,5,126,1,3
14674,1,0,11584,0,0,12400,0,0,0,1,0,64,0,6,125,1,3
14661,1,0,11565,0,0,12425,0,0,0,1,0,65,0,6,124,1,3
14657,1,0,11569,0,0,12423,0,0,0,1,0,65,0,6,124,1,3
14654,1,0,11572,0,0,12422,0,0,0,1,0,65,0,6,124,1,3
14650,1,0,11576,0,0,12420,0,0,0,1,0,65,0,6,124,1,3
14647,1,0,11579,0,0,12419,0,0,0,1,0,65,0,6,125,1,3
14643,1,0,11583,0,0,12417,0,0,0,1,0,65,0,6,125,1,3
14639,1,0,11587,0,0,12416,0,0,0,1,0,65,0,6,125,1,3
14636,1,0,11590,0,0,12414,0,0,0,1,0,65,0,6,125,1,3
14632,1,0,11594,0,0,12413,0,0,0,1,0,65,0,6,125,1,3
14629,1,0,11597,0,0,12412,0,0,0,1,0,65,0,6,125,1,3
14625,1,0,11601,0,0,12410,0,0,0,1,0,65,0,6,125,1,3
14622,1,0,11604,0,0,12409,0,0,0,1,0,65,0,6,125,1,3
14618,1,0,11608,0,0,12407,0,0,0,1,0,65,0,6,125,1,3
14614,1,0,11611,0,0,12406,0,0,0,1,0,65,0,6,126,1,3
14611,1,0,11615,0,0,12404,0,0,0,1,0,64,0,6,126,1,3
14607,1,0,11619,0,0,12403,0,0,0,1,0,64,0,6,126,1,3
14604,1,0,11622,0,0,12401,0,0,0,1,0,64,0,6,126,1,3
14600,1,0,11626,0,0,12400,0,0,0,1,0,64,0,6,126,1,3
14596,1,0,11629,0,0,12399,0,0,0,1,0,64,0,6,126,1,3
14593,1,0,11633,0,0,12397,0,0,0,1,0,64,0,6,126,1,3
14589,1,0,11636,0,0,12396,0,0,0,1,0,64,0,6,126,1,3
14586,1,0,11640,0,0,12394,0,0,0,1,0,64,0,6,127,1,3
14582,1,0,11644,0,0,12393,0,0,0,1,0,64,0,6,127,1,3
14579,1,0,11647,0,0,12391,0,0,0,1,0,64,0,6,127,1,3
14575,1,0,11651,0,0,12390,0,0,0,1,0,64,0,6,127,1,3
14571,1,0,11655,0,0,12389,0,0,0,1,0,64,0,6,127,1,3
14568,1,0,11658,0,0,12387,0,0,0,1,0,64,0,6,127,1,3
14564,1,0,11662,0,0,12386,0,0,0,1,0,64,0,6,127,1,3
14561,1,0,11665,0,0,12384,0,0,0,1,0,64,0,6,127,1,3
14557,1,0,11669,0,0,12383,0,0,0,1,0,63,0,6,128,1,3
14554,1,0,11673,0,0,12382,0,0,0,1,0,63,0,6,128,1,3
14550,1,0,11676,0,0,12380,0,0,0,1,0,63,0,6,128,1,3
14547,1,0,11680,0,0,12379,0,0,0,1,0,63,0,6,128,1,3
14543,1,0,11684,0,0,12377,0,0,0,1,0,254,0,5,128,1,3
14539,1,0,11687,0,0,12376,0,0,0,1,0,254,0,5,128,1,3
14536,1,0,11691,0,0,12375,0,0,0,1,0,254,0,5,128,1,3
14532,1,0,11695,0,0,12373,0,0,0,1,0,254,0,5,128,1,3
14529,1,0,11698,0,0,12372,0,0,0,1,0,253,0,5,129,1,3
14525,1,0,11702,0,0,12370,0,0,0,1,0,253,0,5,129,1,3
14522,1,0,11706,0,0,12369,0,0,0,1,0,253,0,5,129,1,3
14518,1,0,11709,0,0,12368,0,0,0,1,0,253,0,5,129,1,3
14514,1,0,11713,0,0,12366,0,0,0,1,0,252,0,5,129,1,3
14511,1,0,11717,0,0,12365,0,0,0,1,0,252,0,5,129,1,3
14507,1,0,11720,0,0,12363,0,0,0,1,0,252,0,5,129,1,3
14504,1,0,11724,0,0,12362,0,0,0,1,0,252,0,5,129,1,3
14500,1,0,11728,0,0,12361,0,0,0,1,0,251,0,5,130,1,3
14497,1,0,11731,0,0,12359,0,0,0,1,0,251,0,5,130,1,3
14493,1,0,11735,0,0,12358,0,0,0,1,0,251,0,5,130,1,3
14490,1,0,11739,0,0,12357,0,0,0,1,0,251,0,5,130,1,3
14486,1,0,11743,0,0,12355,0,0,0,1,0,250,0,5,130,1,3
14482,1,0,11746,0,0,12354,0,0,0,1,0,250,0,5,130,1,3
14479,1,0,11750,0,0,12352,0,0,0,1,0,250,0,5,130,1,3
14475,1,0,11754,0,0,12351,0,0,0,1,0,250,0,5,130,1,3
14472,1,0,11758,0,0,12350,0,0,0,1,0,250,0,5,130,1,3
14468,1,0,11761,0,0,12348,0,0,0,1,0,249,0,5,131,1,3
14465,1,0,11765,0,0,12347,0,0,0,1,0,249,0,5,131,1,3
14461,1,0,11769,0,0,12346,0,0,0,1,0,249,0,5,131,1,3
14458,1,0,11773,0,0,12344,0,0,0,1,0,249,0,5,131,1,3
14454,1,0,11776,0,0,12343,0,0,0,1,0,248,0,5,131,1,3
14451,1,0,11780,0,0,12342,0,0,0,1,0,248,0,5,131,1,3
14447,1,0,11784,0,0,12340,0,0,0,1,0,248,0,5,131,1,3
14443,1,0,11788,0,0,12339,0,0,0,1,0,248,0,5,131,1,3
14440,1,0,11791,0,0,12337,0,0,0,1,0,247,0,5,132,1,3
14436,1,0,11795,0,0,12336,0,0,0,1,0,247,0,5,132,1,3
14433,1,0,11799,0,0,12335,0,0,0,1,0,247,0,5,132,1,3
14429,1,0,11803,0,0,12333,0,0,0,1,0,247,0,5,132,1,3
14426,1,0,11807,0,0,12332,0,0,0,1,0,247,0,5,132,1,3
14422,1,0,11810,0,0,12331,0,0,0,1,0,246,0,5,132,1,3
14419,1,0,11814,0,0,12329,0,0,0,1,0,246,0,5,132,1,3
14415,1,0,11818,0,0,12328,0,0,0,1,0,246,0,5,132,1,3
14412,1,0,11822,0,0,12327,0,0,0,1,0,246,0,5,133,1,3
14408,1,0,11826,0,0,12325,0,0,0,1,0,245,0,5,133,1,3
14404,1,0,11829,0,0,12324,0,0,0,1,0,245,0,5,133,1,3
14401,1,0,11833,0,0,12323,0,0,0,1,0,245,0,5,133,1,3
14397,1,0,11837,0,0,12321,0,0,0,1,0,245,0,5,133,1,3
14394,1,0,11841,0,0,12320,0,0,0,1,0,245,0,5,133,1,3
14390,1,0,11845,0,0,12319,0,0,0,1,0,244,0,5,133,1,3
14387,1,0,11849,0,0,12317,0,0,0,1,0,244,0,5,134,1,3
14383,1,0,11853,0,0,12316,0,0,0,1,0,244,0,5,134,1,3
14380,1,0,11856,0,0,12315,0,0,0,1,0,244,0,5,134,1,3
14376,1,0,11860,0,0,12313,0,0,0,1,0,244,0,5,134,1,3
14373,1,0,11864,0,0,12312,0,0,0,1,0,243,0,5,134,1,3
14369,1,0,11868,0,0,12311,0,0,0,1,0,243,0,5,134,1,3
14366,1,0,11872,0,0,12310,0,0,0,1,0,243,0,5,134,1,3
14362,1,0,11876,0,0,12308,0,0,0,1,0,243,0,5,134,1,3
14359,1,0,11880,0,0,12307,0,0,0,1,0,243,0,5,135,1,3
14355,1,0,11884,0,0,12306,0,0,0,1,0,242,0,5,135,1,3
14351,1,0,11887,0,0,12304,0,0,0,1,0,242,0,5,135,1,3
14348,1,0,11891,0,0,12303,0,0,0,1,0,242,0,5,135,1,3
14344,1,0,11895,0,0,12302,0,0,0,1,0,242,0,5,135,1,3
14341,1,0,11899,0,0,12300,0,0,0,1,0,241,0,5,135,1,3
14337,1,0,11903,0,0,12299,0,0,0,1,0,241,0,5,135,1,3
14334,1,0,11907,0,0,12298,0,0,0,1,0,241,0,5,135,1,3
14330,1,0,11911,0,0,12296,0,0,0,1,0,241,0,5,136,1,3
14327,1,0,11915,0,0,12295,0,0,0,1,0,241,0,5,136,1,3
14323,1,0,11919,0,0,12294,0,0,0,1,0,240,0,5,136,1,3
14320,1,0,11923,0,0,12293,0,0,0,1,0,240,0,5,136,1,3
14316,1,0,11927,0,0,12291,0,0,0,1,0,240,0,5,136,1,3
14313,1,0,11931,0,0,12290,0,0,0,1,0,240,0,5,136,1,3
14309,1,0,11935,0,0,12289,0,0,0,1,0,240,0,5,136,1,3
14306,1,0,11939,0,0,12287,0,0,0,1,0,239,0,5,136,1,3
14302,1,0,11942,0,0,12286,0,0,0,1,0,239,0,5,137,1,3
14299,1,0,11946,0,0,12285,0,0,0,1,0,239,0,5,137,1,3
14295,1,0,11950,0,0,12284,0,0,0,1,0,239,0,5,137,1,3
14292,1,0,11954,0,0,12282,0,0,0,1,0,239,0,5,137,1,3
14288,1,0,11958,0,0,12281,0,0,0,1,0,239,0,5,137,1,3
14285,1,0,11962,0,0,12280,0,0,0,1,0,238,0,5,137,1,3
14281,1,0,11966,0,0,12279,0,0,0,1,0,238,0,5,137,1,3
14278,1,0,11970,0,0,12277,0,0,0,1,0,238,0,5,137,1,3
14274,1,0,11974,0,0,12276,0,0,0,1,0,238,0,5,138,1,3
14270,1,0,11978,0,0,12275,0,0,0,1,0,238,0,5,138,1,3
14267,1,0,11982,0,0,12273,0,0,0,1,0,237,0,5,138,1,3
14263,1,0,11986,0,0,12272,0,0,0,1,0,237,0,5,138,1,3
14260,1,0,11990,0,0,12271,0,0,0,1,0,237,0,5,138,1,3
14256,1,0,11994,0,0,12270,0,0,0,1,0,237,0,5,138,1,3
14253,1,0,11998,0,0,12268,0,0,0,1,0,237,0,5,138,1,3
14249,1,0,12003,0,0,12267,0,0,0,1,0,236,0,5,138,1,3
14246,1,0,12007,0,0,12266,0,0,0,1,0,236,0,5,139,1,3
14242,1,0,12011,0,0,12265,0,0,0,1,0,236,0,5,139,1,3
14239,1,0,12015,0,0,12263,0,0,0,1,0,236,0,5,139,1,3
14235,1,0,12019,0,0,12262,0,0,0,1,0,236,0,5,139,1,3
14232,1,0,12023,0,0,12261,0,0,0,1,0,236,0,5,139,1,3
14228,1,0,12027,0,0,12260,0,0,0,1,0,235,0,5,139,1,3
14225,1,0,12031,0,0,12258,0,0,0,1,0,235,0,5,139,1,3
14221,1,0,12035,0,0,12257,0,0,0,1,0,235,0,5,140,1,3
14218,1,0,12039,0,0,12256,0,0,0,1,0,235,0,5,140,1,3
14214,1,0,12043,0,0,12255,0,0,0,1,0,235,0,5,140,1,3
14211,1,0,12047,0,0,12254,0,0,0,1,0,234,0,5,140,1,3
14207,1,0,12051,0,0,12252,0,0,0,1,0,234,0,5,140,1,3
14204,1,0,12055,0,0,12251,0,0,0,1,0,234,0,5,140,1,3
14200,1,0,12060,0,0,12250,0,0,0,1,0,234,0,5,140,1,3
14197,1,0,12064,0,0,12249,0,0,0,1,0,234,0,5,140,1,3
14193,1,0,12068,0,0,12247,0,0,0,1,0,234,0,5,141,1,3
14190,1,0,12072,0,0,12246,0,0,0,1,0,233,0,5,141,1,3
14186,1,0,12076,0,0,12245,0,0,0,1,0,233,0,5,141,1,3
14183,1,0,12080,0,0,12244,0,0,0,1,0,233,0,5,141,1,3
14179,1,0,12084,0,0,12243,0,0,0,1,0,233,0,5,141,1,3
14176,1,0,12088,0,0,12241,0,0,0,1,0,233,0,5,141,1,3
14172,1,0,12093,0,0,12240,0,0,0,1,0,233,0,5,141,1,3
14147,1,0,12266,0,0,12300,0,0,0,1,0,232,0,5,141,1,3
14184,1,0,12400,0,0,12423,0,0,0,1,0,232,0,5,142,1,3
14221,1,0,12537,0,0,12548,0,0,0,1,0,232,0,5,142,1,3
14258,1,0,12677,0,0,12676,0,0,0,1,0,232,0,5,142,1,3
14295,1,0,12820,0,0,12806,0,0,0,1,0,232,0,5,142,1,3
14333,1,0,12967,0,0,12939,0,0,0,1,0,232,0,5,142,1,3
14371,1,0,13117,0,0,13075,0,0,0,1,0,231,0,5,142,1,3
14409,1,0,13270,0,0,13213,0,0,0,1,0,231,0,5,142,1,3
14447,1,0,13427,0,0,13355,0,0,0,1,0,231,0,5,143,1,3
14485,1,0,13588,0,0,13499,0,0,0,1,0,231,0,5,143,1,3
14524,1,0,13753,0,0,13647,0,0,0,1,0,231,0,5,143,1,3
14562,1,0,13922,0,0,13798,0,0,0,1,0,231,0,5,143,1,3
14601,1,0,14095,0,0,13953,0,0,0,1,0,230,0,5,143,1,3
14641,1,0,14272,0,0,14111,0,0,0,1,0,230,0,5,143,1,3
14680,1,0,14454,0,0,14272,0,0,0,1,0,230,0,5,143,1,3
14720,1,0,14641,0,0,14438,0,0,0,1,0,230,0,5,143,1,3
14759,1,0,14832,0,0,14607,0,0,0,1,0,230,0,5,144,1,3
14799,1,0,15029,0,0,14780,0,0,0,1,0,230,0,5,144,1,3
14840,1,0,15231,0,0,14957,0,0,0,1,0,229,0,5,144,1,3
14880,1,0,15438,0,0,15139,0,0,0,1,0,229,0,5,144,1,3
14921,1,0,15651,0,0,15325,0,0,0,1,0,229,0,5,144,1,3
14962,1,0,15870,0,0,15516,0,0,0,1,0,229,0,5,144,1,3
15003,1,0,16095,0,0,15712,0,0,0,1,0,229,0,5,144,1,3
15044,1,0,16327,0,0,15912,0,0,0,1,0,229,0,5,144,1,3
15086,1,0,16566,0,0,16118,0,0,0,1,0,228,0,5,145,1,3
15128,1,0,16811,0,0,16329,0,0,0,1,0,228,0,5,145,1,3
15170,1,0,17064,0,0,16546,0,0,0,1,0,228,0,5,145,1,3
15212,1,0,17325,0,0,16769,0,0,0,1,0,228,0,5,145,1,3
15254,1,0,17594,0,0,16997,0,0,0,1,0,228,0,5,145,1,3
15297,1,0,17871,0,0,17232,0,0,0,1,0,228,0,5,145,1,3
15340,1,0,18157,0,0,17474,0,0,0,1,0,227,0,5,145,1,3
15383,1,0,18453,0,0,17723,0,0,0,1,0,227,0,5,146,1,3
15427,1,0,18758,0,0,17978,0,0,0,1,0,227,0,5,146,1,3
15471,1,0,19074,0,0,18241,0,0,0,1,0,227,0,5,146,1,3
15515,1,0,19400,0,0,18512,0,0,0,1,0,227,0,5,146,1,3
15559,1,0,19738,0,0,18792,0,0,0,1,0,227,0,5,146,1,3
15603,1,0,20087,0,0,19079,0,0,0,1,0,227,0,5,146,1,3
15648,1,0,20450,0,0,19376,0,0,0,1,0,226,0,5,146,1,3
15693,1,0,20825,0,0,19682,0,0,0,1,0,226,0,5,146,1,3
15738,1,0,21215,0,0,19998,0,0,0,1,0,226,0,5,147,1,3
15784,1,0,21620,0,0,20324,0,0,0,1,0,226,0,5,147,1,3
15829,1,0,22040,0,0,20661,0,0,0,1,0,226,0,5,147,1,3
15875,1,0,22477,0,0,21010,0,0,0,1,0,226,0,5,147,1,3
15922,1,0,22932,0,0,21370,0,0,0,1,0,226,0,5,147,1,3
15968,1,0,23405,0,0,21743,0,0,0,1,0,225,0,5,147,1,3
16015,1,0,23899,0,0,22129,0,0,0,1,0,225,0,5,147,1,3
16062,1,0,24414,0,0,22529,0,0,0,1,0,225,0,5,148,1,3
16110,1,0,24951,0,0,22944,0,0,0,1,0,225,0,5,148,1,3
16157,1,0,25512,0,0,23374,0,0,0,1,0,225,0,5,148,1,3
16205,1,0,26100,0,0,23821,0,0,0,1,0,225,0,5,148,1,3
16253,1,0,26715,0,0,24286,0,0,0,1,0,224,0,5,148,1,3
16302,1,0,27360,0,0,24768,0,0,0,1,0,224,0,5,148,1,3
16351,1,0,28037,0,0,25271,0,0,0,1,0,224,0,5,148,1,3
16400,1,0,28748,0,0,25794,0,0,0,1,0,224,0,5,148,1,3
16449,1,0,29496,0,0,26339,0,0,0,1,0,224,0,5,149,1,3
16499,1,0,30284,0,0,26908,0,0,0,1,0,224,0,5,149,1,3
16549,1,0,31115,0,0,27502,0,0,0,1,0,224,0,5,149,1,3
16599,1,0,31994,0,0,28123,0,0,0,1,0,223,0,5,149,1,3
16650,1,0,32923,0,0,28773,0,0,0,1,0,223,0,5,149,1,3
16701,1,0,33908,0,0,29453,0,0,0,1,0,223,0,5,149,1,3
16752,1,0,34954,0,0,30166,0,0,0,1,0,223,0,5,149,1,3
16803,1,0,36066,0,0,30915,0,0,0,1,0,223,0,5,150,1,3
16855,1,0,37252,0,0,31702,0,0,0,1,0,223,0,5,150,1,3
16907,1,0,38518,0,0,32529,0,0,0,1,0,223,0,5,150,1,3
16960,1,0,39873,0,0,33402,0,0,0,1,0,223,0,5,150,1,3
17012,1,0,41327,0,0,34322,0,0,0,1,0,222,0,5,150,1,3
17066,1,0,42891,0,0,35294,0,0,0,1,0,222,0,5,150,1,3
17119,1,0,44579,0,0,36324,0,0,0,1,0,222,0,5,150,1,3
17173,1,0,46404,0,0,37415,0,0,0,1,0,222,0,5,150,1,3
17227,1,0,48386,0,0,38573,0,0,0,1,0,222,0,5,151,1,3
17281,1,0,50544,0,0,39806,0,0,0,1,0,222,0,5,151,1,3
17336,1,0,52904,0,0,41120,0,0,0,1,0,222,0,5,151,1,3
17391,1,0,55494,0,0,42524,0,0,0,1,0,221,0,5,151,1,3
17447,1,0,58352,0,0,44027,0,0,0,1,0,221,0,5,151,1,3
17503,1,0,61520,0,0,45641,0,0,0,1,0,221,0,5,151,1,3
17559,1,0,65052,0,0,47377,0,0,0,1,0,221,0,5,151,1,3
17616,1,0,8626,0,1,49250,0,0,0,1,0,221,0,5,152,1,3
17673,1,0,9186,0,1,51278,0,0,0,1,0,221,0,5,152,1,3
17730,1,0,9823,0,1,53479,0,0,0,1,0,221,0,5,152,1,3
17788,1,0,10555,0,1,55879,0,0,0,1,0,220,0,5,152,1,3
17846,1,0,11405,0,1,58504,0,0,0,1,0,220,0,5,152,1,3
17904,1,0,12404,0,1,61387,0,0,0,1,0,220,0,5,152,1,3
17963,1,0,13595,0,1,64570,0,0,0,1,0,220,0,5,152,1,3
18022,1,0,15039,0,1,8512,0,1,0,1,0,220,0,5,152,1,3
18082,1,0,16826,0,1,9005,0,1,0,1,0,220,0,5,153,1,3
18142,1,0,19095,0,1,9557,0,1,0,1,0,220,0,5,153,1,3
18202,1,0,22071,0,1,10183,0,1,0,1,0,220,0,5,153,1,3
18263,1,0,26146,0,1,10895,0,1,0,1,0,219,0,5,153,1,3
18324,1,0,32066,0,1,11715,0,1,0,1,0,219,0,5,153,1,3
18386,1,0,41454,0,1,12669,0,1,0,1,0,219,0,5,153,1,3
18448,1,0,58612,0,1,13792,0,1,0,1,0,219,0,5,153,1,3
18510,1,0,12500,0,2,15132,0,1,0,1,0,219,0,5,154,1,3
18573,1,0,42554,0,2,16762,0,1,0,1,0,219,0,5,154,1,3
18637,1,0,30305,1,2,18785,0,1,0,1,0,219,0,5,154,1,3
18700,1,0,11173,1,2,21363,0,1,0,1,0,219,0,5,154,1,3
18764,1,0,54796,1,1,24762,0,1,0,1,0,218,0,5,154,1,3
18829,1,0,39507,1,1,29446,0,1,0,1,0,218,0,5,154,1,3
18894,1,0,30888,1,1,36317,0,1,0,1,0,218,0,5,154,1,3
18960,1,0,25357,1,1,47369,0,1,0,1,0,218,0,5,154,1,3
19026,1,0,21505,1,1,8511,0,2,0,1,0,218,0,5,155,1,3
19089,1,0,18395,1,1,10901,0,2,0,1,0,218,0,5,155,1,3
19087,1,0,18334,1,1,10848,0,2,0,1,0,218,0,5,155,1,3
19085,1,0,18274,1,1,10795,0,2,0,1,0,218,0,5,155,1,3
19083,1,0,18214,1,1,10743,0,2,0,1,0,217,0,5,155,1,3
19080,1,0,18154,1,1,10691,0,2,0,1,0,217,0,5,155,1,3
19078,1,0,18095,1,1,10640,0,2,0,1,0,217,0,5,155,1,3
19076,1,0,18036,1,1,10589,0,2,0,1,0,217,0,5,156,1,3
19074,1,0,17977,1,1,10539,0,2,0,1,0,217,0,5,156,1,3
19072,1,0,17919,1,1,10490,0,2,0,1,0,217,0,5,156,1,3
19070,1,0,17861,1,1,10441,0,2,0,1,0,217,0,5,156,1,3
19067,1,0,17804,1,1,10393,0,2,0,1,0,217,0,5,156,1,3
19065,1,0,17747,1,1,10345,0,2,0,1,0,216,0,5,156,1,3
19063,1,0,17690,1,1,10297,0,2,0,1,0,216,0,5,156,1,3
19061,1,0,17633,1,1,10250,0,2,0,1,0,216,0,5,156,1,3
19059,1,0,17577,1,1,10204,0,2,0,1,0,216,0,5,157,1,3
19056,1,0,17521,1,1,10158,0,2,0,1,0,216,0,5,157,1,3
19054,1,0,17466,1,1,10113,0,2,0,1,0,216,0,5,157,1,3
19052,1,0,17411,1,1,10068,0,2,0,1,0,216,0,5,157,1,3
19050,1,0,17356,1,1,10023,0,2,0,1,0,216,0,5,157,1,3
19048,1,0,17301,1,1,9979,0,2,0,1,0,216,0,5,157,1,3
19045,1,0,17247,1,1,9935,0,2,0,1,0,215,0,5,157,1,3
19043,1,0,17193,1,1,9892,0,2,0,1,0,215,0,5,158,1,3
19041,1,0,17139,1,1,9849,0,2,0,1,0,215,0,5,158,1,3
19039,1,0,17086,1,1,9807,0,2,0,1,0,215,0,5,158,1,3
19037,1,0,17033,1,1,9765,0,2,0,1,0,215,0,5,158,1,3
19035,1,0,16952,1,1,9681,0,2,0,1,0,215,0,5,158,1,3
19035,1,0,16708,1,1,9361,0,2,0,1,0,213,0,5,160,1,3
19033,1,0,16656,1,1,9323,0,2,0,1,0,213,0,5,160,1,3
19031,1,0,16604,1,1,9284,0,2,0,1,0,213,0,5,160,1,3
19029,1,0,16553,1,1,9246,0,2,0,1,0,213,0,5,160,1,3
19027,1,0,16502,1,1,9209,0,2,0,1,0,213,0,5,160,1,3
19025,1,0,16451,1,1,9172,0,2,0,1,0,213,0,5,160,1,3
19022,1,0,16400,1,1,9135,0,2,0,1,0,213,0,5,160,1,3
19020,1,0,16350,1,1,9098,0,2,0,1,0,213,0,5,161,1,3
19018,1,0,16300,1,1,9062,0,2,0,1,0,212,0,5,161,1,3
19016,1,0,16250,1,1,9027,0,2,0,1,0,212,0,5,161,1,3
19014,1,0,16201,1,1,8991,0,2,0,1,0,212,0,5,161,1,3
19011,1,0,16152,1,1,8956,0,2,0,1,0,212,0,5,161,1,3
19009,1,0,16103,1,1,8921,0,2,0,1,0,212,0,5,161,1,3
19007,1,0,16054,1,1,8887,0,2,0,1,0,212,0,5,161,1,3
19005,1,0,16006,1,1,8853,0,2,0,1,0,212,0,5,162,1,3
19002,1,0,15958,1,1,8819,0,2,0,1,0,212,0,5,162,1,3
19000,1,0,15910,1,1,8786,0,2,0,1,0,212,0,5,162,1,3
18998,1,0,15863,1,1,8753,0,2,0,1,0,211,0,5,162,1,3
18996,1,0,15815,1,1,8720,0,2,0,1,0,211,0,5,162,1,3
18994,1,0,15768,1,1,8687,0,2,0,1,0,211,0,5,162,1,3
18991,1,0,15722,1,1,8655,0,2,0,1,0,211,0,5,162,1,3
18989,1,0,15675,1,1,8623,0,2,0,1,0,211,0,5,163,1,3
18987,1,0,15629,1,1,8592,0,2,0,1,0,211,0,5,163,1,3
18985,1,0,15583,1,1,8561,0,2,0,1,0,211,0,5,163,1,3
18983,1,0,15537,1,1,8530,0,2,0,1,0,211,0,5,163,1,3
18980,1,0,15492,1,1,8499,0,2,0,1,0,211,0,5,163,1,3
18978,1,0,15447,1,1,8469,0,2,0,1,0,210,0,5,163,1,3
18976,1,0,15402,1,1,8438,0,2,0,1,0,210,0,5,163,1,3
18974,1,0,15357,1,1,8409,0,2,0,1,0,210,0,5,164,1,3
18972,1,0,15313,1,1,8379,0,2,0,1,0,210,0,5,164,1,3
18969,1,0,15268,1,1,8350,0,2,0,1,0,210,0,5,164,1,3
18967,1,0,15224,1,1,8321,0,2,0,1,0,210,0,5,164,1,3
18965,1,0,15180,1,1,8292,0,2,0,1,0,210,0,5,164,1,3
18963,1,0,15137,1,1,8263,0,2,0,1,0,210,0,5,164,1,3
18960,1,0,15094,1,1,8235,0,2,0,1,0,210,0,5,164,1,3
18958,1,0,15051,1,1,8207,0,2,0,1,0,210,0,5,165,1,3
18956,1,0,15008,1,1,65436,0,1,0,1,0,209,0,5,165,1,3
18954,1,0,14965,1,1,65216,0,1,0,1,0,209,0,5,165,1,3
18952,1,0,14923,1,1,64998,0,1,0,1,0,209,0,5,165,1,3
18949,1,0,14881,1,1,64781,0,1,0,1,0,209,0,5,165,1,3
18947,1,0,14839,1,1,64566,0,1,0,1,0,209,0,5,165,1,3
18945,1,0,14797,1,1,64354,0,1,0,1,0,209,0,5,165,1,3
18943,1,0,14755,1,1,64143,0,1,0,1,0,209,0,5,166,1,3
18940,1,0,14714,1,1,63933,0,1,0,1,0,209,0,5,166,1,3
18938,1,0,14673,1,1,63726,0,1,0,1,0,209,0,5,166,1,3
18936,1,0,14632,1,1,63521,0,1,0,1,0,209,0,5,166,1,3
18934,1,0,14591,1,1,63317,0,1,0,1,0,208,0,5,166,1,3
18932,1,0,14551,1,1,63115,0,1,0,1,0,208,0,5,166,1,3
18929,1,0,14511,1,1,62914,0,1,0,1,0,208,0,5,166,1,3
18927,1,0,14471,1,1,62716,0,1,0,1,0,208,0,5,167,1,3
18925,1,0,14431,1,1,62519,0,1,0,1,0,208,0,5,167,1,3
18923,1,0,14391,1,1,62323,0,1,0,1,0,208,0,5,167,1,3
18920,1,0,14352,1,1,62129,0,1,0,1,0,208,0,5,167,1,3
19046,1,0,14312,1,1,61937,0,1,0,1,0,208,0,5,167,1,3
19239,1,0,13633,1,1,60697,0,1,0,1,0,208,0,5,167,1,3
19435,1,0,13931,1,1,58546,0,1,0,1,0,208,0,5,167,1,3
19635,1,0,14242,1,1,56543,0,1,0,1,0,207,0,5,168,1,3
19839,1,0,14567,1,1,54672,0,1,0,1,0,207,0,5,168,1,3
20047,1,0,14907,1,1,52922,0,1,0,1,0,207,0,5,168,1,3
20260,1,0,15263,1,1,51281,0,1,0,1,0,207,0,5,168,1,3
20478,1,0,15637,1,1,49738,0,1,0,1,0,207,0,5,168,1,3
20700,1,0,16029,1,1,48286,0,1,0,1,0,207,0,5,168,1,3
20927,1,0,16442,1,1,46916,0,1,0,1,0,207,0,5,168,1,3
21159,1,0,16876,1,1,45623,0,1,0,1,0,207,0,5,169,1,3
21396,1,0,17334,1,1,44399,0,1,0,1,0,207,0,5,169,1,3
21639,1,0,17817,1,1,43239,0,1,0,1,0,207,0,5,169,1,3
21887,1,0,18329,1,1,42138,0,1,0,1,0,207,0,5,169,1,3
22141,1,0,18870,1,1,41092,0,1,0,1,0,206,0,5,169,1,3
22401,1,0,19444,1,1,40097,0,1,0,1,0,206,0,5,169,1,3
22667,1,0,20055,1,1,39149,0,1,0,1,0,206,0,5,169,1,3
22940,1,0,20704,1,1,38245,0,1,0,1,0,206,0,5,170,1,3
23219,1,0,21398,1,1,37383,0,1,0,1,0,206,0,5,170,1,3
23505,1,0,22139,1,1,36558,0,1,0,1,0,206,0,5,170,1,3
23798,1,0,22933,1,1,35769,0,1,0,1,0,206,0,5,170,1,3
24099,1,0,23787,1,1,35013,0,1,0,1,0,206,0,5,170,1,3
24407,1,0,24706,1,1,34289,0,1,0,1,0,206,0,5,170,1,3
24723,1,0,25700,1,1,33595,0,1,0,1,0,206,0,5,170,1,3
25048,1,0,26776,1,1,32928,0,1,0,1,0,206,0,5,171,1,3
25381,1,0,27947,1,1,32287,0,1,0,1,0,205,0,5,171,1,3
25723,1,0,29224,1,1,31671,0,1,0,1,0,205,0,5,171,1,3
26075,1,0,30624,1,1,31077,0,1,0,1,0,205,0,5,171,1,3
26436,1,0,32165,1,1,30506,0,1,0,1,0,205,0,5,171,1,3
26808,1,0,33868,1,1,29956,0,1,0,1,0,205,0,5,171,1,3
27190,1,0,35762,1,1,29425,0,1,0,1,0,205,0,5,171,1,3
27583,1,0,37881,1,1,28913,0,1,0,1,0,205,0,5,172,1,3
27987,1,0,40266,1,1,28418,0,1,0,1,0,205,0,5,172,1,3
28404,1,0,42971,1,1,27940,0,1,0,1,0,205,0,5,172,1,3
28833,1,0,46066,1,1,27478,0,1,0,1,0,205,0,5,172,1,3
29276,1,0,49641,1,1,27031,0,1,0,1,0,205,0,5,172,1,3
29732,1,0,53818,1,1,26599,0,1,0,1,0,205,0,5,172,1,3
30202,1,0,58761,1,1,26180,0,1,0,1,0,204,0,5,172,1,3
30688,1,0,64705,1,1,25774,0,1,0,1,0,204,0,5,172,1,3
31190,1,0,8998,1,2,25381,0,1,0,1,0,204,0,5,173,1,3
31708,1,0,10138,1,2,24999,0,1,0,1,0,204,0,5,173,1,3
32244,1,0,11610,1,2,24629,0,1,0,1,0,204,0,5,173,1,3
32798,1,0,13582,1,2,24270,0,1,0,1,0,204,0,5,173,1,3
33372,1,0,16359,1,2,23921,0,1,0,1,0,204,0,5,173,1,3
33966,1,0,20565,1,2,23582,0,1,0,1,0,204,0,5,173,1,3
34581,1,0,27682,1,2,23253,0,1,0,1,0,204,0,5,173,1,3
35220,1,0,42327,1,2,22933,0,1,0,1,0,204,0,5,174,1,3
35882,1,0,22468,1,3,22621,0,1,0,1,0,204,0,5,174,1,3
36569,1,0,45581,0,4,22318,0,1,0,1,0,204,0,5,174,1,3
37284,1,0,18026,0,3,22023,0,1,0,1,0,203,0,5,174,1,3
38027,1,0,37929,0,2,21736,0,1,0,1,0,203,0,5,174,1,3
38800,1,0,25733,0,2,21456,0,1,0,1,0,203,0,5,174,1,3
39605,1,0,19472,0,2,21183,0,1,0,1,0,203,0,5,174,1,3
40445,1,0,15661,0,2,20918,0,1,0,1,0,203,0,5,175,1,3
41321,1,0,13098,0,2,20658,0,1,0,1,0,203,0,5,175,1,3
42235,1,0,11256,0,2,20406,0,1,0,1,0,203,0,5,175,1,3
43191,1,0,9868,0,2,20159,0,1,0,1,0,203,0,5,175,1,3
44191,1,0,8785,0,2,19918,0,1,0,1,0,203,0,5,175,1,3
45239,1,0,63335,0,1,19683,0,1,0,1,0,203,0,5,175,1,3
46337,1,0,57636,0,1,19454,0,1,0,1,0,203,0,5,175,1,3
47490,1,0,52878,0,1,19230,0,1,0,1,0,203,0,5,176,1,3
48702,1,0,48845,0,1,19011,0,1,0,1,0,202,0,5,176,1,3
49978,1,0,45385,0,1,18797,0,1,0,1,0,202,0,5,176,1,3
51322,1,0,42382,0,1,18588,0,1,0,1,0,202,0,5,176,1,3
52740,1,0,39753,0,1,18383,0,1,0,1,0,202,0,5,176,1,3
54239,1,0,37430,0,1,18183,0,1,0,1,0,202,0,5,176,1,3
55826,1,0,35364,0,1,17988,0,1,0,1,0,202,0,5,176,1,3
57508,1,0,33515,0,1,17796,0,1,0,1,0,202,0,5,177,1,3
59295,1,0,31849,0,1,17609,0,1,0,1,0,202,0,5,177,1,3
61196,1,0,30341,0,1,17425,0,1,0,1,0,202,0,5,177,1,3
63224,1,0,28969,0,1,17246,0,1,0,1,0,202,0,5,177,1,3
65390,1,0,27717,0,1,17070,0,1,0,1,0,202,0,5,177,1,3
8463,1,1,26568,0,1,16897,0,1,0,1,0,202,0,5,177,1,3
8775,1,1,25510,0,1,16728,0,1,0,1,0,202,0,5,177,1,3
9110,1,1,24534,0,1,16563,0,1,0,1,0,201,0,5,177,1,3
9471,1,1,23630,0,1,16400,0,1,0,1,0,201,0,5,178,1,3
9863,1,1,22790,0,1,16241,0,1,0,1,0,201,0,5,178,1,3
10288,1,1,22007,0,1,16085,0,1,0,1,0,201,0,5,178,1,3
10752,1,1,21277,0,1,15932,0,1,0,1,0,201,0,5,178,1,3
11260,1,1,20593,0,1,15782,0,1,0,1,0,201,0,5,178,1,3
11817,1,1,19953,0,1,15635,0,1,0,1,0,201,0,5,178,1,3
12433,1,1,19351,0,1,15490,0,1,0,1,0,201,0,5,178,1,3
13117,1,1,18784,0,1,15349,0,1,0,1,0,201,0,5,179,1,3
13880,1,1,18249,0,1,15209,0,1,0,1,0,201,0,5,179,1,3
14738,1,1,17744,0,1,15073,0,1,0,1,0,201,0,5,179,1,3
15708,1,1,17267,0,1,14938,0,1,0,1,0,201,0,5,179,1,3
16815,1,1,16814,0,1,14807,0,1,0,1,0,201,0,5,179,1,3
18091,1,1,16385,0,1,14677,0,1,0,1,0,201,0,5,179,1,3
19575,1,1,15976,0,1,14550,0,1,0,1,0,200,0,5,179,1,3
21325,1,1,15588,0,1,14425,0,1,0,1,0,200,0,5,180,1,3
23418,1,1,15218,0,1,14302,0,1,0,1,0,200,0,5,180,1,3
25967,1,1,14866,0,1,14181,0,1,0,1,0,200,0,5,180,1,3
29138,1,1,14529,0,1,14062,0,1,0,1,0,200,0,5,180,1,3
33192,1,1,14207,0,1,13945,0,1,0,1,0,200,0,5,180,1,3
38556,1,1,13900,0,1,13831,0,1,0,1,0,200,0,5,180,1,3
45988,1,1,13605,0,1,13718,0,1,0,1,0,200,0,5,180,1,3
56969,1,1,13323,0,1,13607,0,1,0,1,0,200,0,5,180,1,3
9355,1,2,13052,0,1,13497,0,1,0,1,0,200,0,5,181,1,3
13630,1,2,12792,0,1,13390,0,1,0,1,0,200,0,5,181,1,3
25104,1,2,12542,0,1,13284,0,1,0,1,0,200,0,5,181,1,3
9926,0,2,20835,0,1,13180,0,1,0,1,0,200,0,5,76,1,4
9967,0,2,0,1,0,13125,0,1,0,1,0,200,0,5,0,1,0
10005,0,2,0,1,0,13118,0,1,0,1,0,200,0,5,0,1,0
10042,0,2,0,1,0,13111,0,1,0,1,0,199,0,5,0,1,0
10080,0,2,0,1,0,13105,0,1,0,1,0,199,0,5,0,1,0
10119,0,2,0,1,0,13098,0,1,0,1,0,199,0,5,0,1,0
10158,0,2,0,1,0,13092,0,1,0,1,0,199,0,5,0,1,0
10197,0,2,0,1,0,13085,0,1,0,1,0,199,0,5,0,1,0
10236,0,2,0,1,0,13078,0,1,0,1,0,199,0,5,0,1,0
10276,0,2,0,1,0,13072,0,1,0,1,0,199,0,5,0,1,0
10316,0,2,0,1,0,13065,0,1,0,1,0,199,0,5,0,1,0
10356,0,2,0,1,0,13059,0,1,0,1,0,199,0,5,0,1,0
10397,0,2,0,1,0,13053,0,1,0,1,0,199,0,5,0,1,0
10439,0,2,0,1,0,13046,0,1,0,1,0,199,0,5,0,1,0
10480,0,2,0,1,0,13040,0,1,0,1,0,199,0,5,0,1,0
10522,0,2,0,1,0,13033,0,1,0,1,0,199,0,5,0,1,0
10565,0,2,0,1,0,13027,0,1,0,1,0,199,0,5,0,1,0
10608,0,2,0,1,0,13021,0,1,0,1,0,199,0,5,0,1,0
10651,0,2,0,1,0,13015,0,1,0,1,0,198,0,5,0,1,0
10695,0,2,0,1,0,13008,0,1,0,1,0,198,0,5,0,1,0
10739,0,2,0,1,0,13002,0,1,0,1,0,198,0,5,0,1,0
10783,0,2,0,1,0,12996,0,1,0,1,0,198,0,5,0,1,0
10828,0,2,0,1,0,12990,0,1,0,1,0,198,0,5,0,1,0
10874,0,2,0,1,0,12983,0,1,0,1,0,198,0,5,0,1,0
10920,0,2,0,1,0,12977,0,1,0,1,0,198,0,5,0,1,0
10966,0,2,0,1,0,12971,0,1,0,1,0,198,0,5,0,1,0
11013,0,2,0,1,0,12965,0,1,0,1,0,198,0,5,0,1,0
11060,0,2,0,1,0,12959,0,1,0,1,0,198,0,5,0,1,0
11108,0,2,0,1,0,12953,0,1,0,1,0,198,0,5,0,1,0
11156,0,2,0,1,0,12947,0,1,0,1,0,198,0,5,0,1,0
11205,0,2,0,1,0,12941,0,1,0,1,0,198,0,5,0,1,0
11254,0,2,0,1,0,12935,0,1,0,1,0,198,0,5,0,1,0
11304,0,2,0,1,0,12929,0,1,0,1,0,198,0,5,0,1,0
11354,0,2,0,1,0,12923,0,1,0,1,0,198,0,5,0,1,0
11405,0,2,0,1,0,12917,0,1,0,1,0,197,0,5,0,1,0
11456,0,2,0,1,0,12911,0,1,0,1,0,197,0,5,0,1,0
11508,0,2,0,1,0,12906,0,1,0,1,0,197,0,5,0,1,0
11560,0,2,0,1,0,12900,0,1,0,1,0,197,0,5,0,1,0
11613,0,2,0,1,0,12894,0,1,0,1,0,197,0,5,0,1,0
11666,0,2,0,1,0,12888,0,1,0,1,0,197,0,5,0,1,0
11720,0,2,0,1,0,12882,0,1,0,1,0,197,0,5,0,1,0
11775,0,2,0,1,0,12877,0,1,0,1,0,197,0,5,0,1,0
11830,0,2,0,1,0,12871,0,1,0,1,0,197,0,5,0,1,0
11886,0,2,0,1,0,12865,0,1,0,1,0,197,0,5,0,1,0
11942,0,2,0,1,0,12860,0,1,0,1,0,197,0,5,0,1,0
11999,0,2,0,1,0,12854,0,1,0,1,0,197,0,5,0,1,0
12057,0,2,0,1,0,12848,0,1,0,1,0,197,0,5,0,1,0
12115,0,2,0,1,0,12843,0,1,0,1,0,197,0,5,0,1,0
12174,0,2,0,1,0,12837,0,1,0,1,0,197,0,5,0,1,0
12233,0,2,0,1,0,12832,0,1,0,1,0,197,0,5,0,1,0
12293,0,2,0,1,0,12826,0,1,0,1,0,197,0,5,0,1,0
12354,0,2,0,1,0,12821,0,1,0,1,0,196,0,5,0,1,0
24616,0,2,0,1,0,12815,0,1,0,1,0,196,0,5,0,1,0
65535,1,4,0,1,0,12810,0,1,0,1,0,196,0,5,0,1,0
24991,1,2,0,1,0,12804,0,1,0,1,0,196,0,5,0,1,0
12448,1,2,0,1,0,12799,0,1,0,1,0,196,0,5,0,1,0
8288,1,2,0,1,0,12794,0,1,0,1,0,196,0,5,0,1,0
49697,1,1,0,1,0,12788,0,1,0,1,0,196,0,5,0,1,0
39742,1,1,0,1,0,12783,0,1,0,1,0,196,0,5,0,1,0
33110,1,1,0,1,0,12778,0,1,0,1,0,196,0,5,0,1,0
28375,1,1,0,1,0,12772,0,1,0,1,0,196,0,5,0,1,0
24824,1,1,0,1,0,12767,0,1,0,1,0,196,0,5,0,1,0
22064,1,1,0,1,0,12762,0,1,0,1,0,196,0,5,0,1,0
19855,1,1,0,1,0,12757,0,1,0,1,0,196,0,5,0,1,0
18049,1,1,0,1,0,12751,0,1,0,1,0,196,0,5,0,1,0
16544,1,1,0,1,0,12746,0,1,0,1,0,196,0,5,0,1,0
15270,1,1,0,1,0,12741,0,1,0,1,0,196,0,5,0,1,0
14179,1,1,0,1,0,12736,0,1,0,1,0,196,0,5,0,1,0
13233,1,1,0,1,0,12731,0,1,0,1,0,196,0,5,0,1,0
12405,1,1,0,1,0,12726,0,1,0,1,0,195,0,5,0,1,0
11675,1,1,0,1,0,12721,0,1,0,1,0,195,0,5,0,1,0
11026,1,1,0,1,0,12716,0,1,0,1,0,195,0,5,0,1,0
10446,1,1,0,1,0,12711,0,1,0,1,0,195,0,5,0,1,0
9923,1,1,0,1,0,12706,0,1,0,1,0,195,0,5,0,1,0
9450,1,1,0,1,0,12701,0,1,0,1,0,195,0,5,0,1,0
9021,1,1,0,1,0,12696,0,1,0,1,0,195,0,5,0,1,0
8628,1,1,0,1,0,12691,0,1,0,1,0,195,0,5,0,1,0
8268,1,1,0,1,0,12686,0,1,0,1,0,195,0,5,0,1,0
63504,1,0,0,1,0,12681,0,1,0,1,0,195,0,5,0,1,0
61060,1,0,0,1,0,12676,0,1,0,1,0,195,0,5,0,1,0
58798,1,0,0,1,0,12671,0,1,0,1,0,195,0,5,0,1,0
56697,1,0,0,1,0,12666,0,1,0,1,0,195,0,5,0,1,0
54741,1,0,0,1,0,12661,0,1,0,1,0,195,0,5,0,1,0
52916,1,0,0,1,0,12657,0,1,0,1,0,195,0,5,0,1,0
51208,1,0,0,1,0,12652,0,1,0,1,0,195,0,5,0,1,0
49607,1,0,0,1,0,12647,0,1,0,1,0,195,0,5,0,1,0
48103,1,0,0,1,0,12642,0,1,0,1,0,195,0,5,0,1,0
46688,1,0,0,1,0,12638,0,1,0,1,0,195,0,5,0,1,0
45353,1,0,0,1,0,12633,0,1,0,1,0,194,0,5,0,1,0
44093,1,0,0,1,0,12628,0,1,0,1,0,194,0,5,0,1,0
42901,1,0,0,1,0,12624,0,1,0,1,0,194,0,5,0,1,0
41771,1,0,0,1,0,12619,0,1,0,1,0,194,0,5,0,1,0
40700,1,0,0,1,0,12615,0,1,0,1,0,194,0,5,0,1,0
39682,1,0,0,1,0,12610,0,1,0,1,0,194,0,5,0,1,0
38714,1,0,0,1,0,12605,0,1,0,1,0,194,0,5,0,1,0
37791,1,0,0,1,0,12601,0,1,0,1,0,194,0,5,0,1,0
36912,1,0,0,1,0,12596,0,1,0,1,0,194,0,5,0,1,0
36073,1,0,0,1,0,12592,0,1,0,1,0,194,0,5,0,1,0
35271,1,0,0,1,0,12587,0,1,0,1,0,194,0,5,0,1,0
34504,1,0,0,1,0,12583,0,1,0,1,0,194,0,5,0,1,0
33769,1,0,0,1,0,12579,0,1,0,1,0,194,0,5,0,1,0
33066,1,0,0,1,0,12574,0,1,0,1,0,194,0,5,0,1,0
32391,1,0,0,1,0,12570,0,1,0,1,0,194,0,5,0,1,0
31742,1,0,0,1,0,12565,0,1,0,1,0,194,0,5,0,1,0
31120,1,0,0,1,0,12561,0,1,0,1,0,194,0,5,0,1,0
30521,1,0,0,1,0,12557,0,1,0,1,0,194,0,5,0,1,0
29945,1,0,0,1,0,12552,0,1,0,1,0,194,0,5,0,1,0
29390,1,0,0,1,0,12548,0,1,0,1,0,194,0,5,0,1,0
28856,1,0,0,1,0,12544,0,1,0,1,0,194,0,5,0,1,0
28340,1,0,0,1,0,12540,0,1,0,1,0,193,0,5,0,1,0
27843,1,0,0,1,0,12535,0,1,0,1,0,193,0,5,0,1,0
27362,1,0,0,1,0,12531,0,1,0,1,0,193,0,5,0,1,0
26903,1,0,0,1,0,12440,0,1,0,1,0,192,0,5,0,1,0
26455,1,0,0,1,0,12407,0,1,0,1,0,191,0,5,0,1,0
26021,1,0,0,1,0,12402,0,1,0,1,0,191,0,5,0,1,0
25601,1,0,0,1,0,12398,0,1,0,1,0,191,0,5,0,1,0
25195,1,0,0,1,0,12394,0,1,0,1,0,191,0,5,0,1,0
24801,1,0,0,1,0,12390,0,1,0,1,0,191,0,5,0,1,0
24419,1,0,0,1,0,12386,0,1,0,1,0,191,0,5,0,1,0
24048,1,0,0,1,0,12381,0,1,0,1,0,191,0,5,0,1,0
23689,1,0,0,1,0,12377,0,1,0,1,0,191,0,5,0,1,0
23341,1,0,0,1,0,12373,0,1,0,1,0,191,0,5,0,1,0
23002,1,0,0,1,0,12369,0,1,0,1,0,191,0,5,0,1,0
22673,1,0,0,1,0,12365,0,1,0,1,0,191,0,5,0,1,0
22354,1,0,0,1,0,12361,0,1,0,1,0,191,0,5,0,1,0
22043,1,0,0,1,0,12357,0,1,0,1,0,191,0,5,0,1,0
21741,1,0,0,1,0,12353,0,1,0,1,0,191,0,5,0,1,0
21447,1,0,0,1,0,12349,0,1,0,1,0,191,0,5,0,1,0
21160,1,0,0,1,0,12345,0,1,0,1,0,191,0,5,0,1,0
20882,1,0,0,1,0,12341,0,1,0,1,0,191,0,5,0,1,0
20610,1,0,0,1,0,12337,0,1,0,1,0,191,0,5,0,1,0
20346,1,0,0,1,0,12334,0,1,0,1,0,191,0,5,0,1,0
20343,1,0,0,1,0,12330,0,1,0,1,0,191,0,5,0,1,0
20340,1,0,0,1,0,12326,0,1,0,1,0,191,0,5,0,1,0
20337,1,0,0,1,0,12322,0,1,0,1,0,191,0,5,0,1,0
20334,1,0,0,1,0,12318,0,1,0,1,0,190,0,5,0,1,0
20331,1,0,0,1,0,12315,0,1,0,1,0,190,0,5,0,1,0
20329,1,0,0,1,0,12311,0,1,0,1,0,190,0,5,0,1,0
20326,1,0,0,1,0,12307,0,1,0,1,0,190,0,5,0,1,0
20323,1,0,0,1,0,12304,0,1,0,1,0,190,0,5,0,1,0
20320,1,0,0,1,0,12300,0,1,0,1,0,190,0,5,0,1,0
20317,1,0,0,1,0,12297,0,1,0,1,0,190,0,5,0,1,0
20314,1,0,0,1,0,12293,0,1,0,1,0,190,0,5,0,1,0
20311,1,0,0,1,0,12289,0,1,0,1,0,190,0,5,0,1,0
20308,1,0,0,1,0,12286,0,1,0,1,0,190,0,5,0,1,0
20306,1,0,0,1,0,12282,0,1,0,1,0,190,0,5,0,1,0
20303,1,0,0,1,0,12279,0,1,0,1,0,190,0,5,0,1,0
20300,1,0,0,1,0,12276,0,1,0,1,0,190,0,5,0,1,0
20297,1,0,0,1,0,12272,0,1,0,1,0,190,0,5,0,1,0
20294,1,0,0,1,0,12269,0,1,0,1,0,190,0,5,0,1,0
20291,1,0,0,1,0,12265,0,1,0,1,0,190,0,5,0,1,0
20288,1,0,0,1,0,12262,0,1,0,1,0,190,0,5,0,1,0
20285,1,0,0,1,0,12259,0,1,0,1,0,190,0,5,0,1,0
20282,1,0,0,1,0,12255,0,1,0,1,0,190,0,5,0,1,0
20279,1,0,0,1,0,12252,0,1,0,1,0,190,0,5,0,1,0
20277,1,0,0,1,0,12249,0,1,0,1,0,190,0,5,0,1,0
20274,1,0,0,1,0,12246,0,1,0,1,0,190,0,5,0,1,0
20271,1,0,0,1,0,12243,0,1,0,1,0,190,0,5,0,1,0
20268,1,0,0,1,0,12239,0,1,0,1,0,190,0,5,0,1,0
20265,1,0,0,1,0,12236,0,1,0,1,0,190,0,5,0,1,0
20262,1,0,0,1,0,12233,0,1,0,1,0,189,0,5,0,1,0
20259,1,0,0,1,0,12230,0,1,0,1,0,189,0,5,0,1,0
20256,1,0,0,1,0,12227,0,1,0,1,0,189,0,5,0,1,0
20253,1,0,0,1,0,12224,0,1,0,1,0,189,0,5,0,1,0
20250,1,0,0,1,0,12221,0,1,0,1,0,189,0,5,0,1,0
20247,1,0,0,1,0,12218,0,1,0,1,0,189,0,5,0,1,0
20244,1,0,0,1,0,12215,0,1,0,1,0,189,0,5,0,1,0
20242,1,0,0,1,0,12212,0,1,0,1,0,189,0,5,0,1,0
20239,1,0,0,1,0,12209,0,1,0,1,0,189,0,5,0,1,0
20236,1,0,0,1,0,12206,0,1,0,1,0,189,0,5,0,1,0
20233,1,0,0,1,0,12203,0,1,0,1,0,189,0,5,0,1,0
20230,1,0,0,1,0,12201,0,1,0,1,0,189,0,5,0,1,0
20227,1,0,0,1,0,12198,0,1,0,1,0,189,0,5,0,1,0
20224,1,0,0,1,0,12195,0,1,0,1,0,189,0,5,0,1,0
20221,1,0,0,1,0,12192,0,1,0,1,0,189,0,5,0,1,0
20218,1,0,0,1,0,12189,0,1,0,1,0,189,0,5,0,1,0
20215,1,0,0,1,0,12187,0,1,0,1,0,189,0,5,0,1,0
20212,1,0,0,1,0,12184,0,1,0,1,0,189,0,5,0,1,0
20209,1,0,0,1,0,12181,0,1,0,1,0,189,0,5,0,1,0
20206,1,0,0,1,0,12179,0,1,0,1,0,189,0,5,0,1,0
20203,1,0,0,1,0,12176,0,1,0,1,0,189,0,5,0,1,0
20201,1,0,0,1,0,12173,0,1,0,1,0,189,0,5,0,1,0
20198,1,0,0,1,0,12171,0,1,0,1,0,189,0,5,0,1,0
20195,1,0,0,1,0,12168,0,1,0,1,0,189,0,5,0,1,0
20192,1,0,0,1,0,12166,0,1,0,1,0,189,0,5,0,1,0
20189,1,0,0,1,0,12163,0,1,0,1,0,189,0,5,0,1,0
20186,1,0,0,1,0,12161,0,1,0,1,0,189,0,5,0,1,0
20183,1,0,0,1,0,12158,0,1,0,1,0,189,0,5,0,1,0
20180,1,0,0,1,0,12156,0,1,0,1,0,189,0,5,0,1,0
20177,1,0,0,1,0,12153,0,1,0,1,0,188,0,5,0,1,0
20174,1,0,0,1,0,12151,0,1,0,1,0,188,0,5,0,1,0
20171,1,0,0,1,0,12149,0,1,0,1,0,188,0,5,0,1,0
20168,1,0,0,1,0,12146,0,1,0,1,0,188,0,5,0,1,0
20165,1,0,0,1,0,12144,0,1,0,1,0,188,0,5,0,1,0
20162,1,0,0,1,0,12142,0,1,0,1,0,188,0,5,0,1,0
20159,1,0,0,1,0,12139,0,1,0,1,0,188,0,5,0,1,0
20156,1,0,0,1,0,12137,0,1,0,1,0,188,0,5,0,1,0
20153,1,0,0,1,0,12135,0,1,0,1,0,188,0,5,0,1,0
20150,1,0,0,1,0,12133,0,1,0,1,0,188,0,5,0,1,0
20148,1,0,0,1,0,12130,0,1,0,1,0,188,0,5,0,1,0
20145,1,0,0,1,0,12128,0,1,0,1,0,188,0,5,0,1,0
20142,1,0,0,1,0,12126,0,1,0,1,0,188,0,5,0,1,0
20139,1,0,0,1,0,12124,0,1,0,1,0,188,0,5,0,1,0
20136,1,0,0,1,0,12122,0,1,0,1,0,188,0,5,0,1,0
20133,1,0,0,1,0,12120,0,1,0,1,0,188,0,5,0,1,0
20130,1,0,0,1,0,12118,0,1,0,1,0,188,0,5,0,1,0
20127,1,0,0,1,0,12116,0,1,0,1,0,188,0,5,0,1,0
20124,1,0,0,1,0,12114,0,1,0,1,0,188,0,5,0,1,0
20121,1,0,0,1,0,12112,0,1,0,1,0,188,0,5,0,1,0
20118,1,0,0,1,0,12110,0,1,0,1,0,188,0,5,0,1,0
20115,1,0,0,1,0,12108,0,1,0,1,0,188,0,5,0,1,0
20112,1,0,0,1,0,12106,0,1,0,1,0,188,0,5,0,1,0
20109,1,0,0,1,0,12104,0,1,0,1,0,188,0,5,0,1,0
20106,1,0,0,1,0,12102,0,1,0,1,0,188,0,5,0,1,0
20103,1,0,0,1,0,12100,0,1,0,1,0,188,0,5,0,1,0
20100,1,0,0,1,0,12099,0,1,0,1,0,188,0,5,0,1,0
20097,1,0,0,1,0,12097,0,1,0,1,0,188,0,5,0,1,0
20094,1,0,0,1,0,12095,0,1,0,1,0,188,0,5,0,1,0
20091,1,0,0,1,0,12093,0,1,0,1,0,188,0,5,0,1,0
20088,1,0,0,1,0,12091,0,1,0,1,0,188,0,5,0,1,0
20085,1,0,0,1,0,12090,0,1,0,1,0,188,0,5,0,1,0
20082,1,0,0,1,0,12088,0,1,0,1,0,188,0,5,0,1,0
20080,1,0,0,1,0,12086,0,1,0,1,0,188,0,5,0,1,0
20077,1,0,0,1,0,12085,0,1,0,1,0,188,0,5,0,1,0
20074,1,0,0,1,0,12083,0,1,0,1,0,188,0,5,0,1,0
20071,1,0,0,1,0,12081,0,1,0,1,0,188,0,5,0,1,0
20068,1,0,0,1,0,12080,0,1,0,1,0,188,0,5,0,1,0
20065,1,0,0,1,0,12078,0,1,0,1,0,187,0,5,0,1,0
20062,1,0,0,1,0,12077,0,1,0,1,0,187,0,5,0,1,0
20059,1,0,0,1,0,12075,0,1,0,1,0,187,0,5,0,1,0
20056,1,0,0,1,0,12074,0,1,0,1,0,187,0,5,0,1,0
20053,1,0,0,1,0,12072,0,1,0,1,0,187,0,5,0,1,0
20050,1,0,0,1,0,12071,0,1,0,1,0,187,0,5,0,1,0
20047,1,0,0,1,0,12069,0,1,0,1,0,187,0,5,0,1,0
20044,1,0,0,1,0,12068,0,1,0,1,0,187,0,5,0,1,0
20041,1,0,0,1,0,27741,0,1,0,1,0,107,0,6,0,1,0
20041,1,0,0,1,0,0,1,0,0,1,0,0,1,0,0,1,0
20041,1,0,0,1,0,0,1,0,0,1,0,0,1,0,0,1,0
20041,1,0,0,1,0,0,1,0,0,1,0,0,1,0,0,1,0
20041,1,0,0,1,0,0,1,0,0,1,0,0,1,0,0,1,0
20041,1,0,0,1,0,0,1,0,0,1,0,0,1,0,0,1,0
20041,1,0,0,1,0,0,1,0,0,1,0,0,1,0,0,1,0
20041,1,0,0,1,0,0,1,0,0,1,0,0,1,0,0,1,0
20041,1,0,0,1,0,0,1,0,0,1,0,0,1,0,0,1,0
20041,1,0,0,1,0,0,1,0,0,1,0,0,1,0,0,1,0
20041,1,0,0,1,0,0,1,0,0,1,0,0,1,0,0,1,0
20041,1,0,0,1,0,0,1,0,0,1,0,0,1,0,0,1,0
20041,1,0,0,1,0,0,1,0,0,1,0,0,1,0,0,1,0
20041,1,0,0,1,0,0,1,0,0,1,0,0,1,0,0,1,0
20041,1,0,0,1,0,0,1,0,0,1,0,0,1,0,0,1,0
20041,1,0,0,1,0,0,1,0,0,1,0,0,1,0,0,1,0
20041,1,0,0,1,0,0,1,0,0,1,0,0,1,0,0,1,0
20041,1,0,0,1,0,0,1,0,0,1,0,0,1,0,0,1,0
20041,1,0,0,1,0,0,1,0,0,1,0,0,1,0,0,1,0
20041,1,0,0,1,0,0,1,0,0,1,0,0,1,0,0,1,0
20041,1,0,0,1,0,0,1,0,0,1,0,0,1,0,0,1,0
20041,1,0,0,1,0,0,1,0,0,1,0,0,1,0,0,1,0
20041,1,0,0,1,0,0,1,0,0,1,0,0,1,0,0,1,0
20041,1,0,0,1,0,0,1,0,0,1,0,0,1,0,0,1,0
20041,1,0,0,1,0,0,1,0,0,1,0,0,1,0,0,1,0
20041,1,0,0,1,0,0,1,0,0,1,0,0,1,0,0,1,0
20041,1,0,0,1,0,0,1,0,0,1,0,0,1,0,0,1,0
20041,1,0,0,1,0,0,1,0,0,1,0,0,1,0,0,1,0
20041,1,0,0,1,0,0,1,0,0,1,0,0,1,0,0,1,0
20041,1,0,0,1,0,0,1,0,0,1,0,0,1,0,0,1,0
20041,1,0,0,1,0,0,1,0,0,1,0,0,1,0,0,1,0
20041,1,0,0,1,0,0,1,0,0,1,0,0,1,0,0,1,0
20041,1,0,0,1,0,0,1,0,0,1,0,0,1,0,0,1,0
20041,1,0,0,1,0,0,1,0,0,1,0,0,1,0,0,1,0
20041,1,0,0,1,0,0,1,0,0,1,0,0,1,0,0,1,0
20041,1,0,0,1,0,0,1,0,0,1,0,0,1,0,0,1,0
20041,1,0,0,1,0,0,1,0,0,1,0,0,1,0,0,1,0
20041,1,0,0,1,0,0,1,0,0,1,0,0,1,0,0,1,0
20041,1,0,0,1,0,0,1,0,0,1,0,0,1,0,0,1,0
20041,1,0,0,1,0,0,1,0,0,1,0,0,1,0,0,1,0
20041,1,0,0,1,0,0,1,0,0,1,0,0,1,0,0,1,0
20041,1,0,0,1,0,0,1,0,0,1,0,0,1,0,0,1,0
20041,1,0,0,1,0,0,1,0,0,1,0,0,1,0,0,1,0
20041,1,0,0,1,0,0,1,0,0,1,0,0,1,0,0,1,0
20041,1,0,0,1,0,0,1,0,0,1,0,0,1,0,0,1,0
20041,1,0,0,1,0,0,1,0,0,1,0,0,1,0,0,1,0
20041,1,0,0,1,0,0,1,0,0,1,0,0,1,0,0,1,0
20041,1,0,0,1,0,0,1,0,0,1,0,0,1,0,0,1,0
20041,1,0,0,1,0,0,1,0,0,1,0,0,1,0,0,1,0
20041,1,0,0,1,0,0,1,0,0,1,0,0,1,0,0,1,0
20041,1,0,0,1,0,0,1,0,0,1,0,0,1,0,0,1,0
20041,1,0,0,1,0,0,1,0,0,1,0,0,1,0,0,1,0
20041,1,0,0,1,0,0,1,0,0,1,0,0,1,0,0,1,0
20041,1,0,0,1,0,0,1,0,0,1,0,0,1,0,0,1,0
20041,1,0,0,1,0,0,1,0,0,1,0,0,1,0,0,1,0
20041,1,0,0,1,0,0,1,0,0,1,0,0,1,0,0,1,0
20041,1,0,0,1,0,0,1,0,0,1,0,0,1,0,0,1,0
20041,1,0,0,1,0,0,1,0,0,1,0,0,1,0,0,1,0
20041,1,0,0,1,0,0,1,0,0,1,0,0,1,0,0,1,0
20041,1,0,0,1,0,0,1,0,0,1,0,0,1,0,0,1,0
20041,1,0,0,1,0,0,1,0,0,1,0,0,1,0,0,1,0
20041,1,0,0,1,0,0,1,0,0,1,0,0,1,0,0,1,0
20041,1,0,0,1,0,0,1,0,0,1,0,0,1,0,0,1,0
20041,1,0,0,1,0,0,1,0,0,1,0,0,1,0,0,1,0
20041,1,0,0,1,0,0,1,0,0,1,0,0,1,0,0,1,0
20041,1,0,0,1,0,0,1,0,0,1,0,0,1,0,0,1,0
20041,1,0,0,1,0,0,1,0,0,1,0,0,1,0,0,1,0
20041,1,0,0,1,0,0,1,0,0,1,0,0,1,0,0,1,0
20041,1,0,0,1,0,0,1,0,0,1,0,0,1,0,0,1,0
20041,1,0,0,1,0,0,1,0,0,1,0,0,1,0,0,1,0
20041,1,0,0,1,0,0,1,0,0,1,0,0,1,0,0,1,0
20041,1,0,0,1,0,0,1,0,0,1,0,0,1,0,0,1,0
20041,1,0,0,1,0,0,1,0,0,1,0,0,1,0,0,1,0
20041,1,0,0,1,0,0,1,0,0,1,0,0,1,0,0,1,0
20041,1,0,0,1,0,0,1,0,0,1,0,0,1,0,0,1,0
20041,1,0,0,1,0,0,1,0,0,1,0,0,1,0,0,1,0
20041,1,0,0,1,0,0,1,0,0,1,0,0,1,0,0,1,0
20041,1,0,0,1,0,0,1,0,0,1,0,0,1,0,0,1,0
20041,1,0,0,1,0,0,1,0,0,1,0,0,1,0,0,1,0
20041,1,0,0,1,0,0,1,0,0,1,0,0,1,0,0,1,0
20041,1,0,0,1,0,0,1,0,0,1,0,0,1,0,0,1,0
20041,1,0,0,1,0,0,1,0,0,1,0,0,1,0,0,1,0
20041,1,0,0,1,0,0,1,0,0,1,0,0,1,0,0,1,0
20041,1,0,0,1,0,0,1,0,0,1,0,0,1,0,0,1,0
20041,1,0,0,1,0,0,1,0,0,1,0,0,1,0,0,1,0
20041,1,0,0,1,0,0,1,0,0,1,0,0,1,0,0,1,0
20041,1,0,0,1,0,0,1,0,0,1,0,0,1,0,0,1,0
20041,1,0,0,1,0,0,1,0,0,1,0,0,1,0,0,1,0
20041,1,0,0,1,0,0,1,0,0,1,0,0,1,0,0,1,0
20041,1,0,0,1,0,0,1,0,0,1,0,0,1,0,0,1,0
20041,1,0,0,1,0,0,1,0,0,1,0,0,1,0,0,1,0
20041,1,0,0,1,0,0,1,0,0,1,0,0,1,0,0,1,0
20041,1,0,0,1,0,0,1,0,0,1,0,0,1,0,0,1,0
20041,1,0,0,1,0,0,1,0,0,1,0,0,1,0,0,1,0
20041,1,0,0,1,0,0,1,0,0,1,0,0,1,0,0,1,0
20041,1,0,0,1,0,0,1,0,0,1,0,0,1,0,0,1,0
20041,1,0,0,1,0,0,1,0,0,1,0,0,1,0,0,1,0
20041,1,0,0,1,0,0,1,0,0,1,0,0,1,0,0,1,0
20041,1,0,0,1,0,0,1,0,0,1,0,0,1,0,0,1,0
20041,1,0,0,1,0,0,1,0,0,1,0,0,1,0,0,1,0
20041,1,0,0,1,0,0,1,0,0,1,0,0,1,0,0,1,0
20041,1,0,0,1,0,0,1,0,0,1,0,0,1,0,0,1,0
20041,1,0,0,1,0,0,1,0,0,1,0,0,1,0,0,1,0
20041,1,0,0,1,0,0,1,0,0,1,0,0,1,0,0,1,0
20041,1,0,0,1,0,0,1,0,0,1,0,0,1,0,0,1,0
20041,1,0,0,1,0,0,1,0,0,1,0,0,1,0,0,1,0
20041,1,0,0,1,0,0,1,0,0,1,0,0,1,0,0,1,0
20041,1,0,0,1,0,0,1,0,0,1,0,0,1,0,0,1,0
20041,1,0,0,1,0,0,1,0,0,1,0,0,1,0,0,1,0
20041,1,0,0,1,0,0,1,0,0,1,0,0,1,0,0,1,0
20041,1,0,0,1,0,0,1,0,0,1,0,0,1,0,0,1,0
20041,1,0,0,1,0,0,1,0,0,1,0,0,1,0,0,1,0
20041,1,0,0,1,0,0,1,0,0,1,0,0,1,0,0,1,0
20041,1,0,0,1,0,0,1,0,0,1,0,0,1,0,0,1,0
20041,1,0,0,1,0,0,1,0,0,1,0,0,1,0,0,1,0
20041,1,0,0,1,0,0,1,0,0,1,0,0,1,0,0,1,0
20041,1,0,0,1,0,0,1,0,0,1,0,0,1,0,0,1,0
20041,1,0,0,1,0,0,1,0,0,1,0,0,1,0,0,1,0
20041,1,0,0,1,0,0,1,0,0,1,0,0,1,0,0,1,0
20041,1,0,0,1,0,0,1,0,0,1,0,0,1,0,0,1,0
20041,1,0,0,1,0,0,1,0,0,1,0,0,1,0,0,1,0
20041,1,0,0,1,0,0,1,0,0,1,0,0,1,0,0,1,0
20041,1,0,0,1,0,0,1,0,0,1,0,0,1,0,0,1,0
20041,1,0,0,1,0,0,1,0,0,1,0,0,1,0,0,1,0
20041,1,0,0,1,0,0,1,0,0,1,0,0,1,0,0,1,0
20041,1,0,0,1,0,0,1,0,0,1,0,0,1,0,0,1,0
20041,1,0,0,1,0,0,1,0,0,1,0,0,1,0,0,1,0
20041,1,0,0,1,0,0,1,0,0,1,0,0,1,0,0,1,0
20041,1,0,0,1,0,0,1,0,0,1,0,0,1,0,0,1,0
20041,1,0,0,1,0,0,1,0,0,1,0,0,1,0,0,1,0
20041,1,0,0,1,0,0,1,0,0,1,0,0,1,0,0,1,0
20041,1,0,0,1,0,0,1,0,0,1,0,0,1,0,0,1,0
20041,1,0,0,1,0,0,1,0,0,1,0,0,1,0,0,1,0
20041,1,0,0,1,0,0,1,0,0,1,0,0,1,0,0,1,0
20041,1,0,0,1,0,0,1,0,0,1,0,0,1,0,0,1,0
20041,1,0,0,1,0,0,1,0,0,1,0,0,1,0,0,1,0
20041,1,0,0,1,0,0,1,0,0,1,0,0,1,0,0,1,0
20041,1,0,0,1,0,0,1,0,0,1,0,0,1,0,0,1,0
20041,1,0,0,1,0,0,1,0,0,1,0,0,1,0,0,1,0
20041,1,0,0,1,0,0,1,0,0,1,0,0,1,0,0,1,0
20041,1,0,0,1,0,0,1,0,0,1,0,0,1,0,0,1,0
20041,1,0,0,1,0,0,1,0,0,1,0,0,1,0,0,1,0
20041,1,0,0,1,0,0,1,0,0,1,0,0,1,0,0,1,0
20041,1,0,0,1,0,0,1,0,0,1,0,0,1,0,0,1,0
20041,1,0,0,1,0,0,1,0,0,1,0,0,1,0,0,1,0
20041,1,0,0,1,0,0,1,0,0,1,0,0,1,0,0,1,0
20041,1,0,0,1,0,0,1,0,0,1,0,0,1,0,0,1,0
20041,1,0,0,1,0,0,1,0,0,1,0,0,1,0,0,1,0
20041,1,0,0,1,0,0,1,0,0,1,0,0,1,0,0,1,0
20041,1,0,0,1,0,0,1,0,0,1,0,0,1,0,0,1,0
20041,1,0,0,1,0,0,1,0,0,1,0,0,1,0,0,1,0
20041,1,0,0,1,0,0,1,0,0,1,0,0,1,0,0,1,0
20041,1,0,0,1,0,0,1,0,0,1,0,0,1,0,0,1,0
20041,1,0,0,1,0,0,1,0,0,1,0,0,1,0,0,1,0
20041,1,0,0,1,0,0,1,0,0,1,0,0,1,0,0,1,0
20041,1,0,0,1,0,0,1,0,0,1,0,0,1,0,0,1,0
20041,1,0,0,1,0,0,1,0,0,1,0,0,1,0,0,1,0
20041,1,0,0,1,0,0,1,0,0,1,0,0,1,0,0,1,0
20041,1,0,0,1,0,0,1,0,0,1,0,0,1,0,0,1,0
20041,1,0,0,1,0,0,1,0,0,1,0,0,1,0,0,1,0
20041,1,0,0,1,0,0,1,0,0,1,0,0,1,0,0,1,0
20041,1,0,0,1,0,0,1,0,0,1,0,0,1,0,0,1,0
20041,1,0,0,1,0,0,1,0,0,1,0,0,1,0,0,1,0
20041,1,0,0,1,0,0,1,0,0,1,0,0,1,0,0,1,0
20041,1,0,0,1,0,0,1,0,0,1,0,0,1,0,0,1,0
20041,1,0,0,1,0,0,1,0,0,1,0,0,1,0,0,1,0
20041,1,0,0,1,0,0,1,0,0,1,0,0,1,0,0,1,0
20041,1,0,0,1,0,0,1,0,0,1,0,0,1,0,0,1,0
20041,1,0,0,1,0,0,1,0,0,1,0,0,1,0,0,1,0
20041,1,0,0,1,0,0,1,0,0,1,0,0,1,0,0,1,0
20041,1,0,0,1,0,0,1,0,0,1,0,0,1,0,0,1,0
20041,1,0,0,1,0,0,1,0,0,1,0,0,1,0,0,1,0
20041,1,0,0,1,0,0,1,0,0,1,0,0,1,0,0,1,0
20041,1,0,0,1,0,0,1,0,0,1,0,0,1,0,0,1,0
20041,1,0,0,1,0,0,1,0,0,1,0,0,1,0,0,1,0
20041,1,0,0,1,0,0,1,0,0,1,0,0,1,0,0,1,0
20041,1,0,0,1,0,0,1,0,0,1,0,0,1,0,0,1,0
20041,1,0,0,1,0,0,1,0,0,1,0,0,1,0,0,1,0
20041,1,0,0,1,0,0,1,0,0,1,0,0,1,0,0,1,0
20041,1,0,0,1,0,0,1,0,0,1,0,0,1,0,0,1,0
20041,1,0,0,1,0,0,1,0,0,1,0,0,1,0,0,1,0
20041,1,0,0,1,0,0,1,0,0,1,0,0,1,0,0,1,0
20041,1,0,0,1,0,0,1,0,0,1,0,0,1,0,0,1,0
20041,1,0,0,1,0,0,1,0,0,1,0,0,1,0,0,1,0
20041,1,0,0,1,0,0,1,0,0,1,0,0,1,0,0,1,0
20041,1,0,0,1,0,0,1,0,0,1,0,0,1,0,0,1,0
20041,1,0,0,1,0,0,1,0,0,1,0,0,1,0,0,1,0
20041,1,0,0,1,0,0,1,0,0,1,0,0,1,0,0,1,0
20041,1,0,0,1,0,0,1,0,0,1,0,0,1,0,0,1,0
20041,1,0,0,1,0,0,1,0,0,1,0,0,1,0,0,1,0
20041,1,0,0,1,0,0,1,0,0,1,0,0,1,0,0,1,0
20041,1,0,0,1,0,0,1,0,0,1,0,0,1,0,0,1,0
20041,1,0,0,1,0,0,1,0,0,1,0,0,1,0,0,1,0
20041,1,0,0,1,0,0,1,0,0,1,0,0,1,0,0,1,0
20041,1,0,0,1,0,0,1,0,0,1,0,0,1,0,0,1,0
20041,1,0,0,1,0,0,1,0,0,1,0,0,1,0,0,1,0
20041,1,0,0,1,0,0,1,0,0,1,0,0,1,0,0,1,0
20041,1,0,0,1,0,0,1,0,0,1,0,0,1,0,0,1,0
20041,1,0,0,1,0,0,1,0,0,1,0,0,1,0,0,1,0
20041,1,0,0,1,0,0,1,0,0,1,0,0,1,0,0,1,0
20041,1,0,0,1,0,0,1,0,0,1,0,0,1,0,0,1,0
20041,1,0,0,1,0,0,1,0,0,1,0,0,1,0,0,1,0
20041,1,0,0,1,0,0,1,0,0,1,0,0,1,0,0,1,0
20041,1,0,0,1,0,0,1,0,0,1,0,0,1,0,0,1,0
20041,1,0,0,1,0,0,1,0,0,1,0,0,1,0,0,1,0
20041,1,0,0,1,0,0,1,0,0,1,0,0,1,0,0,1,0
20041,1,0,0,1,0,0,1,0,0,1,0,0,1,0,0,1,0
20041,1,0,0,1,0,0,1,0,0,1,0,0,1,0,0,1,0
20041,1,0,0,1,0,0,1,0,0,1,0,0,1,0,0,1,0
20041,1,0,0,1,0,0,1,0,0,1,0,0,1,0,0,1,0
20041,1,0,0,1,0,0,1,0,0,1,0,0,1,0,0,1,0
20041,1,0,0,1,0,0,1,0,0,1,0,0,1,0,0,1,0
20041,1,0,0,1,0,0,1,0,0,1,0,0,1,0,0,1,0
20041,1,0,0,1,0,0,1,0,0,1,0,0,1,0,0,1,0
20041,1,0,0,1,0,0,1,0,0,1,0,0,1,0,0,1,0
20041,1,0,0,1,0,0,1,0,0,1,0,0,1,0,0,1,0
20041,1,0,0,1,0,0,1,0,0,1,0,0,1,0,0,1,0
20295,1,0,0,1,0,0,1,0,0,1,0,0,1,0,0,1,0
20555,1,0,0,1,0,0,1,0,0,1,0,0,1,0,0,1,0
20822,1,0,0,1,0,0,1,0,0,1,0,0,1,0,0,1,0
21096,1,0,0,1,0,0,1,0,0,1,0,0,1,0,0,1,0
21377,1,0,0,1,0,0,1,0,0,1,0,0,1,0,0,1,0
21666,1,0,0,1,0,0,1,0,0,1,0,0,1,0,0,1,0
21963,1,0,0,1,0,0,1,0,0,1,0,0,1,0,0,1,0
22268,1,0,0,1,0,0,1,0,0,1,0,0,1,0,0,1,0
22582,1,0,0,1,0,0,1,0,0,1,0,0,1,0,0,1,0
22904,1,0,0,1,0,0,1,0,0,1,0,0,1,0,0,1,0
23236,1,0,0,1,0,0,1,0,0,1,0,0,1,0,0,1,0
23578,1,0,0,1,0,0,1,0,0,1,0,0,1,0,0,1,0
23930,1,0,0,1,0,0,1,0,0,1,0,0,1,0,0,1,0
24292,1,0,0,1,0,0,1,0,0,1,0,0,1,0,0,1,0
24666,1,0,0,1,0,0,1,0,0,1,0,0,1,0,0,1,0
25052,1,0,0,1,0,0,1,0,0,1,0,0,1,0,0,1,0
25449,1,0,0,1,0,0,1,0,0,1,0,0,1,0,0,1,0
25860,1,0,0,1,0,0,1,0,0,1,0,0,1,0,0,1,0
26284,1,0,0,1,0,0,1,0,0,1,0,0,1,0,0,1,0
26722,1,0,0,1,0,0,1,0,0,1,0,0,1,0,0,1,0
27175,1,0,0,1,0,0,1,0,0,1,0,0,1,0,0,1,0
27643,1,0,0,1,0,0,1,0,0,1,0,0,1,0,0,1,0
28128,1,0,0,1,0,0,1,0,0,1,0,0,1,0,0,1,0
28630,1,0,0,1,0,0,1,0,0,1,0,0,1,0,0,1,0
29151,1,0,0,1,0,0,1,0,0,1,0,0,1,0,0,1,0
29691,1,0,0,1,0,0,1,0,0,1,0,0,1,0,0,1,0
30251,1,0,0,1,0,0,1,0,0,1,0,0,1,0,0,1,0
30833,1,0,0,1,0,0,1,0,0,1,0,0,1,0,0,1,0
31437,1,0,0,1,0,0,1,0,0,1,0,0,1,0,0,1,0
32066,1,0,0,1,0,0,1,0,0,1,0,0,1,0,0,1,0
32721,1,0,0,1,0,0,1,0,0,1,0,0,1,0,0,1,0
33402,1,0,0,1,0,0,1,0,0,1,0,0,1,0,0,1,0
34113,1,0,0,1,0,0,1,0,0,1,0,0,1,0,0,1,0
34855,1,0,0,1,0,0,1,0,0,1,0,0,1,0,0,1,0
35629,1,0,0,1,0,0,1,0,0,1,0,0,1,0,0,1,0
36439,1,0,0,1,0,0,1,0,0,1,0,0,1,0,0,1,0
37286,1,0,0,1,0,0,1,0,0,1,0,0,1,0,0,1,0
38174,1,0,0,1,0,0,1,0,0,1,0,0,1,0,0,1,0
39105,1,0,0,1,0,0,1,0,0,1,0,0,1,0,0,1,0
40083,1,0,0,1,0,0,1,0,0,1,0,0,1,0,0,1,0
41111,1,0,0,1,0,0,1,0,0,1,0,0,1,0,0,1,0
42192,1,0,0,1,0,0,1,0,0,1,0,0,1,0,0,1,0
43333,1,0,0,1,0,0,1,0,0,1,0,0,1,0,0,1,0
44537,1,0,0,1,0,0,1,0,0,1,0,0,1,0,0,1,0
45809,1,0,0,1,0,0,1,0,0,1,0,0,1,0,0,1,0
47156,1,0,0,1,0,0,1,0,0,1,0,0,1,0,0,1,0
48585,1,0,0,1,0,0,1,0,0,1,0,0,1,0,0,1,0
50104,1,0,0,1,0,0,1,0,0,1,0,0,1,0,0,1,0
51720,1,0,0,1,0,0,1,0,0,1,0,0,1,0,0,1,0
53444,1,0,0,1,0,0,1,0,0,1,0,0,1,0,0,1,0
55287,1,0,0,1,0,0,1,0,0,1,0,0,1,0,0,1,0
57261,1,0,0,1,0,0,1,0,0,1,0,0,1,0,0,1,0
59382,1,0,0,1,0,0,1,0,0,1,0,0,1,0,0,1,0
61666,1,0,0,1,0,0,1,0,0,1,0,0,1,0,0,1,0
64133,1,0,0,1,0,0,1,0,0,1,0,0,1,0,0,1,0
8350,1,1,0,1,0,0,1,0,0,1,0,0,1,0,0,1,0
8713,1,1,0,1,0,0,1,0,0,1,0,0,1,0,0,1,0
9109,1,1,0,1,0,0,1,0,0,1,0,0,1,0,0,1,0
9543,1,1,0,1,0,0,1,0,0,1,0,0,1,0,0,1,0
10020,1,1,0,1,0,0,1,0,0,1,0,0,1,0,0,1,0
10548,1,1,0,1,0,0,1,0,0,1,0,0,1,0,0,1,0
11134,1,1,0,1,0,0,1,0,0,1,0,0,1,0,0,1,0
11789,1,1,0,1,0,0,1,0,0,1,0,0,1,0,0,1,0
12526,1,1,0,1,0,0,1,0,0,1,0,0,1,0,0,1,0
13361,1,1,0,1,0,0,1,0,0,1,0,0,1,0,0,1,0
14315,1,1,0,1,0,0,1,0,0,1,0,0,1,0,0,1,0
15416,1,1,0,1,0,0,1,0,0,1,0,0,1,0,0,1,0
16701,1,1,0,1,0,0,1,0,0,1,0,0,1,0,0,1,0
18219,1,1,0,1,0,0,1,0,0,1,0,0,1,0,0,1,0
20041,1,1,0,1,0,0,1,0,0,1,0,0,1,0,0,1,0
22268,1,1,0,1,0,0,1,0,0,1,0,0,1,0,0,1,0
25052,1,1,0,1,0,0,1,0,0,1,0,0,1,0,0,1,0
28630,1,1,0,1,0,0,1,0,0,1,0,0,1,0,0,1,0
33402,1,1,0,1,0,0,1,0,0,1,0,0,1,0,0,1,0
40083,1,1,0,1,0,0,1,0,0,1,0,0,1,0,0,1,0
50104,1,1,0,1,0,0,1,0,0,1,0,0,1,0,0,1,0
8350,1,2,0,1,0,0,1,0,0,1,0,0,1,0,0,1,0
12526,1,2,0,1,0,0,1,0,0,1,0,0,1,0,0,1,0
25052,1,2,0,1,0,0,1,0,0,1,0,0,1,0,0,1,0
